region,zone,woreda,wname,GPSLatitude,GPSLongitude,GPSAccuracy,PARENT_KEY,num_HC,num_HP,mb_2008_hc,mb_2009_hc,mb_2008_hp,mb_2009_hp,mb_2008,mb_2009,LS2,isc,str,hrnum,malfp,pharm,phem,hmis,vect,dx,rx,mxsever,sme,malogy,irt,iccm,scm,lpm,bgt,api,tpr,priv,HI38,trsh,inmig,outmig,epdmc,chart,trshonchart,chartupdt,frqppm,ipls,eqa,sbcc,nobk,labdxbk,eqabk,smplcolbk,gmsbk,bfbk,bfsbk,micbk,micjbk,malrxbk,SM4,sm5_1,gmsa,met,lnct,oil,rdt,llin,irs,chlrqntb,chlrqnsyp,prmqn,crtm,artsntinj,artsntsp,qnntb,qnninj,qnnsp,othr,id,
Harari,Harer,270,Dire Teyara,9,42,5,uuid:00fa80ff-91b5-4464-b5de-d27b822d1b4d,1,6,110,94,110,94,220,188,weekly,Schools,Integrated with NTD,3,1,0,1,1,,,,,,,,,,,No,Yes,Yes,No,Yes,Dubling method,No,No,Yes,Yes,Yes,≤ 4 weeks but > 3weeks,Quarterly,Yes,Yes,Low supports from local organization and community,No,No,No,No,No,No,No,No,No,No,,,No,No,No,No,No,No,No,No,No,No,No,No,No,No,No,No,,uuid:00fa80ff-91b5-4464-b5de-d27b822d1b4d,
SNNP,Sidama,177,Chire,7,39,5,uuid:0159d3e6-3cb4-4e29-8488-d68c789bae7d,4,16,0,0,0,0,0,0,monthly,No collaboration,Under PHEM,0,3,1,0,1,,,,,,,,,,,No,No,No,No,No,Not developed,No,No,No,No,,,Quarterly,Yes,No,Others,,,,,,,,,,,,,No,No,No,No,No,No,No,No,No,No,No,No,No,No,No,No,,uuid:0159d3e6-3cb4-4e29-8488-d68c789bae7d,
Tigray,South Tigray,115,Ambalage,13,40,5,uuid:030910cf-7650-41a5-8936-0c3f052694a9,4,21,125,175,125,175,250,350,weekly,Schools,Focal person,3,1,1,1,1,,,,,,,,,,,No,No,No,No,Yes,Dubling method,Yes,Yes,Yes,Yes,Yes,≤ 3 weeks but > 2weeks,Biannually (Twice in a year),Yes,Yes,Others,Yes,No,No,No,No,No,No,No,No,No,,,No,No,No,No,No,No,No,No,No,No,No,No,No,No,No,No,,uuid:030910cf-7650-41a5-8936-0c3f052694a9,
SNNP,Sidama,169,Wondo Genet,7,39,31,uuid:036d6141-e104-412e-9156-ed69b77bb985,5,16,18,52,18,52,36,104,weekly,Schools,Integrated with NTD,1,1,3,1,2,,,,,,,,,,,Yes,No,No,No,Yes,2nd largest value out of 5 year data,Yes,Yes,No,Yes,Yes,≤ 4 weeks but > 3weeks,Monthly,Yes,Yes,Few collaborating partners on malaria BCC,No,No,No,No,No,No,No,No,No,No,Yes,Yes,Yes,No,No,No,Yes,No,No,No,Yes,Yes,Yes,No,Yes,Yes,Yes,Yes,No,uuid:036d6141-e104-412e-9156-ed69b77bb985,
Amhara,North Shewa,238,Angolela,10,39,5,uuid:03a9626a-425a-493b-929f-f8cc6fc18d09,4,21,0,0,0,0,0,0,Never,No collaboration,Under PHEM,1,1,1,1,1,,,,,,,,,,,No,No,No,Yes totally,No,Not developed,No,No,No,No,,,,Yes,No,Others,,,,,,,,,,,,,No,No,No,No,No,No,No,No,No,No,No,No,No,No,No,No,,uuid:03a9626a-425a-493b-929f-f8cc6fc18d09,
Tigray,Eastern Tigray,106,Saesi Tsadamba,14,40,5,uuid:058c31f1-40da-476f-b49e-cc8ca10256de,7,26,158,254,158,254,316,508,weekly,"Other sectors (like: agriculture, water, etc)",Under PHEM,10,1,1,1,1,,,,,,,,,,,No,Yes,Yes,No,Yes,2nd largest value out of 5 year data,Yes,Yes,Yes,Yes,Yes,<= 1 week,Monthly,Yes,No,Few collaborating partners on malaria BCC,Yes,No,No,No,No,No,No,No,No,Yes,,,No,No,No,No,No,No,No,No,No,No,No,No,No,No,No,No,,uuid:058c31f1-40da-476f-b49e-cc8ca10256de,
Amhara,South Wolo,229,Legehida,11,39,5,uuid:060b4874-0ca7-40f0-a876-b66dc8150af9,4,15,23,37,23,37,46,74,monthly,No collaboration,Focal person,5,1,2,1,1,,,,,,,,,,,No,No,Yes,Yes totally,Yes,2nd largest value out of 5 year data,Yes,Yes,No,Yes,Yes,<= 1 week,Monthly,No,No,Low supports from local organization and community,,,,,,,,,,,,,No,No,No,No,No,No,No,No,No,No,No,No,No,No,No,No,,uuid:060b4874-0ca7-40f0-a876-b66dc8150af9,
Tigray,Eastern Tigray,109,Klite Awlalo,14,40,5,uuid:077c800c-54af-4159-99d5-c5388e7b2de3,5,19,484,2086,484,2086,968,4172,monthly,Private sectors,Integrated with NTD,6,1,1,1,1,,,,,,,,,,,Yes,Yes,Yes,No,Yes,Dubling method,Yes,Yes,Yes,Yes,Yes,<= 1 week,Monthly,Yes,Yes,Low supports from local organization and community,Yes,No,No,No,No,No,No,No,No,Yes,,,No,No,No,No,No,No,No,No,No,No,No,No,No,No,No,No,,uuid:077c800c-54af-4159-99d5-c5388e7b2de3,
SNNP,Sidama,174,Hula,6,39,5,uuid:085846d9-c85c-481b-b496-0e5e0fe57062,5,31,16,0,16,0,32,0,Never,Schools,Integrated with NTD,6,0,2,1,2,,,,,,,,,,,No,No,No,No,No,Not developed,No,Yes,No,Yes,No,≤ 4 weeks but > 3weeks,,Yes,No,Others,No,No,No,No,No,No,No,No,No,No,,,No,No,No,No,No,No,No,No,No,No,No,No,No,No,No,No,,uuid:085846d9-c85c-481b-b496-0e5e0fe57062,
SNNP,Gurage,132,Abshge,8,38,3,uuid:0b4e2f79-9c9e-4a99-a18d-4006d2c20936,4,26,3891,2049,3891,2049,7782,4098,weekly,Schools,Integrated with NTD,1,1,1,1,1,1,0,0,0,0,0,2,0,0,0,Yes,Yes,No,Yes totally,Yes,2nd largest value out of 5 year data,Yes,Yes,No,Yes,Yes,<= 1 week,Monthly,Yes,Yes,Low commitment of leadership,,,,,,,,,,,Yes,No,No,No,No,Yes,No,No,No,No,No,Yes,Yes,Yes,Yes,Yes,Yes,Yes,No,uuid:0b4e2f79-9c9e-4a99-a18d-4006d2c20936,
SNNP,Sidama,172,Bursa,7,39,5,uuid:0b746510-0cfa-4fbd-8ac4-8b6d4c363bae,5,28,7,0,7,0,14,0,Never,No collaboration,Separate case team,4,1,1,1,1,,,,,,,,,,,No,No,No,Yes partially,No,Not developed,No,No,No,No,,,,Yes,No,Others,,,,,,,,,,,,,No,No,No,No,No,No,No,No,No,No,No,No,No,No,No,No,,uuid:0b746510-0cfa-4fbd-8ac4-8b6d4c363bae,
Oromiya,West Hararge,67,ODA BULTUM WEREDA,9,41,4,uuid:0d2a5f82-0637-44bf-a990-9be3b72c4e73,6,37,68,8,68,8,136,16,Never,Private sectors,Integrated with NTD,8,1,2,1,1,0,0,0,0,3,0,0,0,0,0,Yes,Yes,Yes,No,Yes,2nd largest value out of 5 year data,Yes,Yes,No,Yes,Yes,<= 1 week,Quarterly,Yes,Yes,Low supports from local organization and community,Yes,No,No,No,No,No,No,No,No,No,Yes,No,No,No,No,No,No,Yes,No,No,Yes,No,Yes,No,Yes,Yes,Yes,Yes,No,uuid:0d2a5f82-0637-44bf-a990-9be3b72c4e73,
Amhara,North Wollo,215,Weldia,12,40,4,uuid:14ddf784-e1fe-4fce-af51-5d8275bafba5,2,8,140,141,140,141,280,282,weekly,No collaboration,Under PHEM,2,1,0,1,0,,,,,,,,,,,Yes,No,No,Yes partially,Yes,Dubling method,Yes,Yes,No,Yes,Yes,<= 1 week,Monthly,Yes,Yes,Low supports from local organization and community,Yes,No,No,No,No,No,No,No,No,No,Yes,Yes,Yes,Yes,Yes,Yes,Yes,Yes,No,Yes,Yes,Yes,Yes,Yes,Yes,Yes,Yes,Yes,Yes,uuid:14ddf784-e1fe-4fce-af51-5d8275bafba5,
Amhara,North Shewa,259,Shewarobit,10,40,5,uuid:158d907c-c521-4b33-92bb-c544f426b417,1,5,2988,4327,2988,4327,5976,8654,Never,No collaboration,Under PHEM,8,1,11,1,1,,,,,,,,,,,Yes,Yes,Yes,Yes totally,Yes,Dubling method,Yes,No,No,Yes,Yes,<= 1 week,Quarterly,Yes,Yes,Low supports from local organization and community,,,,,,,,,,,Yes,No,Yes,No,No,No,No,No,No,No,No,No,No,No,No,No,No,No,No,uuid:158d907c-c521-4b33-92bb-c544f426b417,
Oromiya,West Hararge,56,CHIRO ZURIA WEREDA,9,41,5,uuid:15996877-e510-4923-846d-24cece7cf189,6,39,10,72,10,72,20,144,quarterly,No collaboration,Under PHEM,3,1,3,1,1,1,1,1,1,1,0,3,1,1,0,Yes,Yes,Yes,No,Yes,Dubling method,No,No,No,No,,,Monthly,Yes,Yes,Few collaborating partners on malaria BCC,,,,,,,,,,,,,No,No,No,No,No,No,No,No,No,No,No,No,No,No,No,No,,uuid:15996877-e510-4923-846d-24cece7cf189,
Oromiya,West Hararge,65,MESELA-WEREDA,9,41,4,uuid:18300678-f50f-4e6f-b502-59b49fe901c2,7,25,0,24,0,24,0,48,biweekly,Local NGOs,Under PHEM,5,1,1,1,1,0,2,4,5,4,0,0,4,0,0,Yes,No,Yes,Yes partially,Yes,Dubling method,Yes,Yes,No,Yes,Yes,≤ 2 weeks but > 1week,Annually,Yes,No,Others,Yes,No,No,No,No,No,No,No,No,No,,,No,No,No,No,No,No,No,No,No,No,No,No,No,No,No,No,,uuid:18300678-f50f-4e6f-b502-59b49fe901c2,
Harari,Harer,273,Erer,9,42,5,uuid:191396de-7585-49a3-a3b2-3e2e3fcea125,1,5,1332,820,1332,820,2664,1640,weekly,Schools,Integrated with NTD,4,1,0,1,1,1,1,1,1,1,1,0,0,0,0,No,Yes,Yes,No,Yes,Dubling method,Yes,No,Yes,Yes,Yes,≤ 4 weeks but > 3weeks,Quarterly,No,Yes,Low supports from local organization and community,,,,,,,,,,,Yes,No,No,No,No,No,No,No,Yes,No,No,No,No,Yes,Yes,Yes,No,Yes,No,uuid:191396de-7585-49a3-a3b2-3e2e3fcea125,
SNNP,Silitie,199,Dalocha,8,38,4,uuid:19566a33-35ef-456d-a39c-ee3761310f45,4,20,1296,1248,1296,1248,2592,2496,monthly,Schools,Integrated with NTD,1,1,0,0,0,,,,,,,,,,,Yes,Yes,Yes,No,Yes,2nd largest value out of 5 year data,Yes,Yes,No,Yes,Yes,<= 1 week,Monthly,Yes,Yes,Few collaborating partners on malaria BCC,Yes,No,Yes,No,No,No,No,No,No,Yes,Yes,No,No,No,No,No,No,Yes,No,No,Yes,Yes,No,No,No,No,Yes,Yes,No,uuid:19566a33-35ef-456d-a39c-ee3761310f45,
SNNP,Sidama,170,Yirgalem town,7,38,5,uuid:1b48b2fd-a87a-4ddd-850b-67c0fa7853ca,1,4,120,238,120,238,240,476,monthly,Schools,Under PHEM,15,1,0,0,0,,,,,,,,,,,No,No,No,Yes partially,No,Not developed,No,No,No,No,,,Monthly,Yes,Yes,Low commitment of leadership,,,,,,,,,,,Yes,No,No,No,No,No,No,Yes,Yes,Yes,Yes,No,No,Yes,No,No,No,No,No,uuid:1b48b2fd-a87a-4ddd-850b-67c0fa7853ca,
Amhara,North Wollo,214,Wadela,12,39,5,uuid:1b5c9b8f-0fb1-4456-b8c7-76cb48c7d449,8,30,176,126,176,126,352,252,weekly,"Other sectors (like: agriculture, water, etc)",Under PHEM,2,2,1,2,1,,,,,,,,,,,No,Yes,Yes,Yes totally,Yes,2nd largest value out of 5 year data,Yes,Yes,Yes,Yes,Yes,≤ 2 weeks but > 1week,Monthly,Yes,No,Low commitment of leadership,No,No,No,No,No,No,No,No,No,No,Yes,Yes,Yes,Yes,Yes,Yes,No,Yes,No,Yes,Yes,Yes,No,Yes,No,No,No,No,No,uuid:1b5c9b8f-0fb1-4456-b8c7-76cb48c7d449,
Oromiya,East Hararge,70,BABILE TOWN,9,42,3,uuid:1b9ce9e1-8e0b-48a3-9a35-df5664db9885,1,0,356,150,356,150,712,300,weekly,Association,Integrated with NTD,1,1,1,1,1,0,0,0,0,0,0,0,1,0,0,No,Yes,Yes,Yes partially,Yes,2nd largest value out of 5 year data,No,No,No,No,,,Annually,No,No,Low commitment of leadership,No,No,No,No,No,No,No,No,No,No,,,No,No,No,No,No,No,No,No,No,No,No,No,No,No,No,No,,uuid:1b9ce9e1-8e0b-48a3-9a35-df5664db9885,
Oromiya,Arsi,26,ASEKO-WEREDA,9,40,5,uuid:1f7e15f7-bd49-4bfd-af9e-70b9c63bf9a5,3,17,456,307,456,307,912,614,annually,Schools,Focal person,2,1,1,1,1,,,,,,,,,,,Yes,No,No,No,No,Not developed,No,Yes,No,No,,,Biannually (Twice in a year),Yes,No,Lack of funding,No,No,No,No,No,No,No,No,No,No,Yes,No,No,No,No,No,No,Yes,No,No,No,No,No,No,No,No,No,No,No,uuid:1f7e15f7-bd49-4bfd-af9e-70b9c63bf9a5,
Harari,Harer,271,Harer Ketema,9,42,5,uuid:203284ab-55c7-4e85-9af0-d4546fbcbff6,1,0,426,245,426,245,852,490,weekly,Private health facilites,Integrated with NTD,4,1,0,1,1,,,,,,,,,,,Yes,Yes,Yes,No,Yes,Dubling method,Yes,No,Yes,Yes,Yes,≤ 4 weeks but > 3weeks,Monthly,No,Yes,Low supports from local organization and community,,,,,,,,,,,,,No,No,No,No,No,No,No,No,No,No,No,No,No,No,No,No,,uuid:203284ab-55c7-4e85-9af0-d4546fbcbff6,
Amhara,North Shewa,239,Ankober,10,40,3,uuid:20930e6f-8fab-488a-a5a5-54aaa6b4feb8,6,22,3,47,3,47,6,94,monthly,No collaboration,Under PHEM,1,1,0,1,0,,,,,,,,,,,Yes,No,No,Yes totally,Yes,Dubling method,No,Yes,No,Yes,Yes,Other,Monthly,Yes,Yes,Few collaborating partners on malaria BCC,,,,,,,,,,,Yes,Yes,Yes,Yes,No,Yes,Yes,Yes,Yes,Yes,Yes,Yes,No,No,Yes,No,Yes,Yes,No,uuid:20930e6f-8fab-488a-a5a5-54aaa6b4feb8,
Amhara,North Shewa,250,M/gera,10,40,5,uuid:219565da-ba8f-47b3-91fb-4973a913ce5f,4,21,0,0,0,0,0,0,Never,"Other sectors (like: agriculture, water, etc)",Separate case team,14,1,1,1,1,,,,,,,,,,,No,No,No,Yes partially,No,Not developed,Yes,Yes,Yes,Yes,Yes,≤ 2 weeks but > 1week,Quarterly,Yes,No,Few collaborating partners on malaria BCC,,,,,,,,,,,Yes,Yes,Yes,Yes,Yes,Yes,Yes,No,No,No,No,No,No,No,No,Yes,Yes,No,No,uuid:219565da-ba8f-47b3-91fb-4973a913ce5f,
Amhara,South Wolo,221,Delanta,12,39,4,uuid:23cb55e4-56f3-45a5-9893-98c82d3514da,6,31,241,70,241,70,482,140,quarterly,No collaboration,Focal person,12,1,1,0,1,,,,,,,,,,,No,No,Yes,Yes totally,No,Not developed,No,Yes,No,No,,,Quarterly,No,No,Others,,,,,,,,,,,,,No,No,No,No,No,No,No,No,No,No,No,No,No,No,No,No,,uuid:23cb55e4-56f3-45a5-9893-98c82d3514da,
SNNP,Hadiya,150,Lemo,8,38,5,uuid:255334b1-231c-46f9-ac4b-f3ccc64c721c,7,33,737,208,737,208,1474,416,Never,No collaboration,Integrated with NTD,7,1,1,1,1,,,,,,,,,,,No,No,No,No,No,Not developed,Yes,Yes,No,No,,,,No,No,Lack of funding,No,No,No,No,No,No,No,No,No,No,Yes,No,Yes,Yes,Yes,Yes,Yes,Yes,No,No,Yes,Yes,Yes,Yes,Yes,Yes,Yes,Yes,No,uuid:255334b1-231c-46f9-ac4b-f3ccc64c721c,
Oromiya,East Hararge,89,MELKA BELO-WEREDA,9,41,5,uuid:25ae9f61-db27-4232-b770-1f16061fff1b,7,32,155,26,155,26,310,52,quarterly,Local NGOs,Integrated with NTD,2,0,0,0,0,,,,,,,,,,,Yes,Yes,Yes,Yes totally,Yes,2nd largest value out of 5 year data,No,No,Yes,Yes,Yes,≤ 4 weeks but > 3weeks,,Yes,No,Low supports from local organization and community,Yes,No,No,No,No,No,No,No,No,No,,,No,No,No,No,No,No,No,No,No,No,No,No,No,No,No,No,,uuid:25ae9f61-db27-4232-b770-1f16061fff1b,
Amhara,South Wolo,217,Albuko,11,40,5,uuid:26299a4e-d296-4239-892a-b1d998072b79,4,16,48,51,48,51,96,102,quarterly,No collaboration,Under PHEM,1,1,2,1,1,,,,,,,,,,,No,No,No,Yes partially,Yes,2nd largest value out of 5 year data,Yes,Yes,No,Yes,Yes,<= 1 week,Monthly,Yes,Yes,Others,,,,,,,,,,,,,No,No,No,No,No,No,No,No,No,No,No,No,No,No,No,No,,uuid:26299a4e-d296-4239-892a-b1d998072b79,
Oromiya,Arsi,39,LEMU &  BILBILO-WEREDA,8,39,5,uuid:2860a8a3-9c7b-45c5-969d-59f70c44cdc9,7,25,0,0,0,0,0,0,Never,No collaboration,Integrated with NTD,8,0,3,1,1,,,,,,,,,,,No,No,No,Yes partially,No,Not developed,Yes,Yes,No,No,,,,Yes,No,Others,,,,,,,,,,,,,No,No,No,No,No,No,No,No,No,No,No,No,No,No,No,No,,uuid:2860a8a3-9c7b-45c5-969d-59f70c44cdc9,
Oromiya,Arsi,29,BOKOJI-TOWN WEREDA,8,39,3,uuid:28ca998d-6442-48a4-984d-8558bd432698,1,0,0,0,0,0,0,0,Never,No collaboration,Others,1,0,1,1,1,,,,,,,,,,,No,No,No,Yes totally,No,Not developed,Yes,Yes,No,No,,,,No,No,Others,,,,,,,,,,,,,No,No,No,No,No,No,No,No,No,No,No,No,No,No,No,No,,uuid:28ca998d-6442-48a4-984d-8558bd432698,
Oromiya,Arsi,35,GOLOLCHA-WEREDA,8,40,5,uuid:29a542ee-d8c7-4f04-8bed-c05ab074b7a2,5,23,578,505,578,505,1156,1010,Never,Schools,Focal person,4,1,1,1,1,,,,,,,,,,,Yes,No,No,No,No,Not developed,Yes,Yes,No,No,,,Monthly,Yes,No,Low supports from local organization and community,,,,,,,,,,,Yes,No,No,No,No,No,No,No,No,No,Yes,Yes,No,No,Yes,Yes,Yes,No,No,uuid:29a542ee-d8c7-4f04-8bed-c05ab074b7a2,
SNNP,Hadiya,148,Analemo,8,38,6,uuid:29f572f9-488c-48c0-a3f4-59f405dc5f7a,5,28,401,640,401,640,802,1280,weekly,No collaboration,Focal person,4,1,1,1,1,,,,,,,,,,,Yes,Yes,Yes,No,Yes,Dubling method,Yes,Yes,No,Yes,Yes,<= 1 week,Monthly,Yes,Yes,Few collaborating partners on malaria BCC,Yes,No,Yes,No,No,No,No,Yes,No,Yes,,,No,No,No,No,No,No,No,No,No,No,No,No,No,No,No,No,,uuid:29f572f9-488c-48c0-a3f4-59f405dc5f7a,
Oromiya,West Hararge,53,BEDESA TOWN,9,41,3,uuid:2b5d58ed-bc8a-4a4e-a70f-54a16d122021,1,0,31,39,31,39,62,78,monthly,Private health facilites,Integrated with NTD,8,1,1,1,1,0,0,0,0,6,0,0,0,0,0,Yes,Yes,Yes,Yes partially,Yes,Dubling method,Yes,No,No,Yes,Yes,≤ 4 weeks but > 3weeks,Quarterly,Yes,Yes,Low supports from local organization and community,Yes,No,No,No,No,No,No,No,No,No,,,No,No,No,No,No,No,No,No,No,No,No,No,No,No,No,No,,uuid:2b5d58ed-bc8a-4a4e-a70f-54a16d122021,
SNNP,Kembata Timbaro,160,Doyogena,7,38,4,uuid:2c31ffee-4e75-416a-a5c8-8796982d9b9d,3,15,579,195,579,195,1158,390,weekly,No collaboration,Focal person,20,1,1,1,1,,,,,,,,,,,No,No,No,Yes partially,No,Not developed,Yes,Yes,No,Yes,No,≤ 4 weeks but > 3weeks,Monthly,Yes,Yes,Lack of funding,,,,,,,,,,,Yes,No,No,No,No,No,No,Yes,No,No,No,No,No,No,No,No,No,No,No,uuid:2c31ffee-4e75-416a-a5c8-8796982d9b9d,
Amhara,South Wolo,225,Kellala,11,39,5,uuid:2c427553-9852-40de-9207-15bfdf5cd767,8,33,467,440,467,440,934,880,biweekly,No collaboration,Focal person,1,1,2,1,1,,,,,,,,,,,No,Yes,Yes,Yes totally,No,Not developed,Yes,Yes,No,No,,,,Yes,No,Others,No,No,No,No,No,No,No,No,No,No,Yes,Yes,No,No,No,No,No,No,No,No,No,No,No,No,No,No,No,No,No,uuid:2c427553-9852-40de-9207-15bfdf5cd767,
Amhara,North Shewa,252,M/Lalo,10,40,8,uuid:30208d21-e965-4151-a499-fe7a9945dc66,3,7,0,31,0,31,0,62,Never,No collaboration,Focal person,8,1,1,1,1,,,,,,,,,,,Yes,Yes,Yes,No,No,Not developed,Yes,Yes,No,Yes,Yes,<= 1 week,Monthly,Yes,Yes,Few collaborating partners on malaria BCC,,,,,,,,,,,,,No,No,No,No,No,No,No,No,No,No,No,No,No,No,No,No,,uuid:30208d21-e965-4151-a499-fe7a9945dc66,
SNNP,Sidama,180,Bensa,7,39,4,uuid:326539cf-1eb5-4e03-8b11-bea9f89549a8,10,37,23,0,23,0,46,0,monthly,Association,Under PHEM,1,1,1,1,1,1,1,1,1,1,1,1,1,1,1,No,No,No,Yes totally,No,Not developed,Yes,Yes,No,Yes,Yes,Other,Quarterly,Yes,No,Lack of funding,,,,,,,,,,,,,No,No,No,No,No,No,No,No,No,No,No,No,No,No,No,No,,uuid:326539cf-1eb5-4e03-8b11-bea9f89549a8,
SNNP,Kembata Timbaro,162,Hadero Tunto town,7,38,5,uuid:32dde108-7a16-4785-8317-5a6ece441490,1,0,450,380,450,380,900,760,biweekly,"Health facilites (hospital, hc, hps)",Under PHEM,7,1,0,1,1,,,,,,,,,,,No,Yes,Yes,No,Yes,Dubling method,No,No,No,Yes,Yes,<= 1 week,Monthly,No,Yes,Lack of funding,No,No,No,No,No,No,No,No,No,No,,,No,No,No,No,No,No,No,No,No,No,No,No,No,No,No,No,,uuid:32dde108-7a16-4785-8317-5a6ece441490,
SNNP,Kembata Timbaro,158,Damboya,7,38,5,uuid:354d0d91-de2c-485f-8c2e-0a31aaeb6700,4,18,205,291,205,291,410,582,weekly,Schools,Integrated with NTD,18,1,1,1,1,,,,,,,,,,,Yes,No,Yes,No,Yes,2nd largest value out of 5 year data,No,No,No,Yes,Yes,<= 1 week,Monthly,Yes,Yes,Low commitment of leadership,,,,,,,,,,,Yes,No,Yes,No,Yes,Yes,Yes,No,No,No,Yes,Yes,Yes,Yes,No,No,No,No,No,uuid:354d0d91-de2c-485f-8c2e-0a31aaeb6700,
Oromiya,East Hararge,71,BABILE-WEREDA,9,42,5,uuid:35e329ff-38a6-40f4-b98d-dac5d15a3ca4,3,22,63,96,63,96,126,192,quarterly,"Other sectors (like: agriculture, water, etc)",Integrated with NTD,1,1,2,1,1,,,,,,,,,,,Yes,Yes,Yes,Yes totally,Yes,2nd largest value out of 5 year data,Yes,No,No,Yes,Yes,<= 1 week,Monthly,Yes,No,Others,No,No,No,No,No,No,No,No,No,No,Yes,No,No,No,No,No,No,No,No,No,Yes,Yes,No,No,Yes,Yes,No,Yes,No,uuid:35e329ff-38a6-40f4-b98d-dac5d15a3ca4,
Oromiya,Arsi,40,LODE HETOSA-WEREDA,8,39,5,uuid:3a90263b-b815-4d11-ad26-3f2d676d2446,4,19,70,74,70,74,140,148,quarterly,Schools,Integrated with NTD,6,2,2,1,1,,,,,,,,,,,Yes,Yes,Yes,Yes partially,No,Not developed,No,Yes,No,No,,,Quarterly,Yes,No,Low supports from local organization and community,,,,,,,,,,,,,No,No,No,No,No,No,No,No,No,No,No,No,No,No,No,No,,uuid:3a90263b-b815-4d11-ad26-3f2d676d2446,
Oromiya,Arsi,31,DEKSIS-WEREDA,8,40,5,uuid:3bc413f7-e146-4ac0-97fe-bdc1694c0935,4,14,0,0,0,0,0,0,Never,No collaboration,Under PHEM,0,0,1,1,1,,,,,,,,,,,No,No,No,No,No,Not developed,No,No,No,No,,,,Yes,No,Low commitment of leadership,No,No,No,No,No,No,No,No,No,No,,,No,No,No,No,No,No,No,No,No,No,No,No,No,No,No,No,,uuid:3bc413f7-e146-4ac0-97fe-bdc1694c0935,
Oromiya,West Hararge,57,CHIRO TOWN,9,41,5,uuid:3cd54fb1-8350-4ea0-9b53-ce72668c2b29,1,0,0,0,0,0,0,0,Never,No collaboration,Focal person,4,0,1,1,1,0,0,0,0,15,0,0,0,0,0,Yes,Yes,Yes,No,Yes,2nd largest value out of 5 year data,No,No,No,Yes,Yes,<= 1 week,Quarterly,Yes,No,Others,,,,,,,,,,,,,No,No,No,No,No,No,No,No,No,No,No,No,No,No,No,No,,uuid:3cd54fb1-8350-4ea0-9b53-ce72668c2b29,
Amhara,South Wolo,216,Dessie town,11,40,4,uuid:3deb733f-86a1-4f17-b399-5b8e826ebd6f,8,6,96,206,96,206,192,412,Never,No collaboration,Under PHEM,2,1,2,1,1,,,,,,,,,,,No,No,Yes,Yes partially,No,Not developed,No,No,No,No,,,,Yes,Yes,Others,,,,,,,,,,,,,No,No,No,No,No,No,No,No,No,No,No,No,No,No,No,No,,uuid:3deb733f-86a1-4f17-b399-5b8e826ebd6f,
Oromiya,West Hararge,55,BURKA DIMTU,8,41,4,uuid:3ee8733a-618f-4036-b56c-5f77f229ad09,3,24,232,86,232,86,464,172,quarterly,Others,Under PHEM,4,1,0,0,1,0,0,1,1,3,0,5,1,0,0,Yes,No,Yes,No,Yes,2nd largest value out of 5 year data,Yes,Yes,No,Yes,Yes,<= 1 week,Quarterly,No,No,Low supports from local organization and community,,,,,,,,,,,Yes,Yes,Yes,Yes,Yes,Yes,Yes,Yes,No,Yes,Yes,Yes,Yes,Yes,Yes,Yes,Yes,Yes,No,uuid:3ee8733a-618f-4036-b56c-5f77f229ad09,
SNNP,Kembata Timbaro,153,Tembaro,7,38,5,uuid:408b6f7a-c19b-40ac-8a44-4f271a6fe16d,3,20,1188,1208,1188,1208,2376,2416,monthly,No collaboration,Separate case team,12,1,1,1,1,,,,,,,,,,,No,No,No,No,Yes,2nd largest value out of 5 year data,No,Yes,Yes,Yes,Yes,<= 1 week,Monthly,Yes,Yes,Lack of funding,No,No,No,No,No,No,No,No,No,No,,,No,No,No,No,No,No,No,No,No,No,No,No,No,No,No,No,,uuid:408b6f7a-c19b-40ac-8a44-4f271a6fe16d,
Tigray,South East,125,Hintalo Wajirat,13,40,19,uuid:40e00613-80d9-43e7-9351-bac6db4d796a,7,25,607,1573,607,1573,1214,3146,monthly,Schools,Under PHEM,1,1,0,0,0,,,,,,,,,,,No,No,No,No,Yes,Dubling method,Yes,Yes,No,Yes,Yes,≤ 4 weeks but > 3weeks,Quarterly,Yes,Yes,Low supports from local organization and community,Yes,No,No,No,No,No,No,No,No,No,,,No,No,No,No,No,No,No,No,No,No,No,No,No,No,No,No,,uuid:40e00613-80d9-43e7-9351-bac6db4d796a,
SNNP,Sidama,181,Wensho,7,39,5,uuid:410ccaf7-f155-4215-82be-6f7079af204f,5,17,0,0,0,0,0,0,monthly,No collaboration,Integrated with NTD,4,1,1,1,1,,,,,,,,,,,No,No,No,No,No,Not developed,No,No,No,No,,,,Yes,No,Others,,,,,,,,,,,,,No,No,No,No,No,No,No,No,No,No,No,No,No,No,No,No,,uuid:410ccaf7-f155-4215-82be-6f7079af204f,
Oromiya,Arsi,38,JEJU-WEREDA,8,40,8,uuid:41f32625-69dc-491d-8f9f-ea72729e4b99,4,26,708,459,708,459,1416,918,quarterly,"Health facilites (hospital, hc, hps)",Integrated with NTD,4,1,1,1,1,,,,,,,,,,,Yes,No,No,No,No,Not developed,Yes,No,No,No,,,,Yes,No,Low supports from local organization and community,,,,,,,,,,,,,No,No,No,No,No,No,No,No,No,No,No,No,No,No,No,No,,uuid:41f32625-69dc-491d-8f9f-ea72729e4b99,
Amhara,North Shewa,247,Gishe,11,40,3,uuid:43500b5e-36f6-4308-99f7-155be2a66c42,4,10,9,45,9,45,18,90,Never,"Other sectors (like: agriculture, water, etc)",Under PHEM,3,0,1,3,1,,,,,,,,,,,No,No,No,No,No,Not developed,Yes,Yes,No,No,,,Quarterly,Yes,No,Low supports from local organization and community,,,,,,,,,,,Yes,No,No,No,No,No,No,No,No,No,No,No,No,No,No,No,No,No,Yes,uuid:43500b5e-36f6-4308-99f7-155be2a66c42,
Amhara,South Wolo,233,Tehuledeire,11,40,5,uuid:435bb5b5-a5a8-4fbe-9ac0-b4a89b9f26af,5,19,145,265,145,265,290,530,monthly,Local NGOs,Under PHEM,12,1,1,1,1,,,,,,,,,,,Yes,Yes,Yes,Yes partially,No,Not developed,No,Yes,No,No,,,Monthly,Yes,Yes,Others,Yes,No,No,No,No,No,No,No,No,No,,,No,No,No,No,No,No,No,No,No,No,No,No,No,No,No,No,,uuid:435bb5b5-a5a8-4fbe-9ac0-b4a89b9f26af,
SNNP,Sidama,163,Aleta Chuko,7,38,5,uuid:46c407f1-53b1-406e-97bd-868001787dba,8,26,1368,166,1368,166,2736,332,monthly,Schools,Focal person,21,1,1,1,1,1,1,1,1,1,1,1,1,1,1,Yes,Yes,Yes,Yes partially,Yes,Dubling method,No,No,No,Yes,Yes,≤ 2 weeks but > 1week,Monthly,Yes,Yes,Few collaborating partners on malaria BCC,Yes,Yes,Yes,No,No,No,No,No,No,No,Yes,No,No,Yes,No,No,No,Yes,No,No,No,Yes,No,No,No,No,No,No,No,uuid:46c407f1-53b1-406e-97bd-868001787dba,
SNNP,Sidama,166,Dale,7,38,5,uuid:48f55b4c-5fcc-4d5d-bad9-2a6cab5b3b02,11,33,213,161,213,161,426,322,weekly,No collaboration,Focal person,33,1,2,1,2,,,,,,,,,,,No,No,No,Yes totally,No,Not developed,No,No,No,Yes,Yes,Other,Quarterly,Yes,No,Low commitment of leadership,,,,,,,,,,,,,No,No,No,No,No,No,No,No,No,No,No,No,No,No,No,No,,uuid:48f55b4c-5fcc-4d5d-bad9-2a6cab5b3b02,
Oromiya,Arsi,45,SHANAN KOLU,8,40,5,uuid:4b322b53-daf7-4f3c-ab67-9052aec09744,2,12,414,282,414,282,828,564,Never,"Health facilites (hospital, hc, hps)",Integrated with NTD,1,1,1,1,1,,,,,,,,,,,Yes,No,No,Yes partially,No,Not developed,No,No,No,No,,,,Yes,No,Low supports from local organization and community,,,,,,,,,,,Yes,No,No,No,No,No,No,No,No,No,Yes,Yes,No,Yes,Yes,Yes,No,No,No,uuid:4b322b53-daf7-4f3c-ab67-9052aec09744,
Amhara,North Wollo,209,Kobo Ketema,12,40,5,uuid:4dd8b8d9-ddda-4794-80f2-54ad5e1958e8,1,5,0,439,0,439,0,878,Never,Private sectors,Under PHEM,3,0,1,1,0,1,0,0,0,0,0,6,0,1,0,Yes,No,Yes,Yes totally,Yes,Dubling method,Yes,Yes,No,Yes,Yes,<= 1 week,,Yes,Yes,Low commitment of leadership,,,,,,,,,,,,,No,No,No,No,No,No,No,No,No,No,No,No,No,No,No,No,,uuid:4dd8b8d9-ddda-4794-80f2-54ad5e1958e8,
Amhara,North Shewa,260,Siadebr,10,39,5,uuid:4e1c3bd3-c09d-4e4b-902c-d1b2ce93bf10,3,13,12,6,12,6,24,12,Never,"Other sectors (like: agriculture, water, etc)",Separate case team,13,0,1,1,1,,,,,,,,,,,No,No,No,Yes partially,Yes,2nd largest value out of 5 year data,No,No,No,Yes,No,≤ 4 weeks but > 3weeks,Monthly,Yes,Yes,Low supports from local organization and community,,,,,,,,,,,Yes,No,No,No,No,No,No,Yes,No,No,Yes,Yes,Yes,No,No,Yes,Yes,Yes,No,uuid:4e1c3bd3-c09d-4e4b-902c-d1b2ce93bf10,
Tigray,Central Tigray,94,Lailay Mayichewu,14,39,3,uuid:4e233e58-e184-4cfc-bc0b-b6b996ba72de,5,16,1942,2847,1942,2847,3884,5694,weekly,Schools,Under PHEM,1,1,1,1,1,1,0,0,0,1,0,0,0,0,0,Yes,No,No,No,Yes,Dubling method,Yes,Yes,No,Yes,Yes,<= 1 week,Monthly,Yes,Yes,Low supports from local organization and community,,,,,,,,,,,,,No,No,No,No,No,No,No,No,No,No,No,No,No,No,No,No,,uuid:4e233e58-e184-4cfc-bc0b-b6b996ba72de,
SNNP,Sidama,165,Awassa Zuria,7,38,5,uuid:516963bc-a5a0-4941-b9cd-519e145439c0,5,23,195,90,195,90,390,180,weekly,No collaboration,Integrated with NTD,2,1,1,1,1,,,,,,,,,,,Yes,Yes,No,No,Yes,Dubling method,Yes,Yes,No,No,,,,Yes,Yes,Low supports from local organization and community,Yes,No,No,No,No,No,No,No,No,No,Yes,Yes,No,No,No,No,No,Yes,No,No,No,Yes,No,Yes,Yes,No,No,No,No,uuid:516963bc-a5a0-4941-b9cd-519e145439c0,
Amhara,South Wolo,235,Wogdi,11,39,3,uuid:539d12d3-4498-45c0-99b9-000f28aa3c3c,5,35,0,99,0,99,0,198,biweekly,No collaboration,Focal person,18,1,3,1,1,,,,,,,,,,,Yes,No,No,Yes totally,No,Not developed,Yes,Yes,No,No,,,Monthly,Yes,No,Low supports from local organization and community,No,No,No,No,No,No,No,No,No,No,,,No,No,No,No,No,No,No,No,No,No,No,No,No,No,No,No,,uuid:539d12d3-4498-45c0-99b9-000f28aa3c3c,
Tigray,South Tigray,114,Mekele,14,39,5,uuid:540353a8-f84b-499a-8454-be38e7484f63,10,0,836,1179,836,1179,1672,2358,weekly,Association,Integrated with NTD,8,1,1,1,1,,,,,,,,,,,Yes,Yes,Yes,Yes totally,Yes,Dubling method,Yes,Yes,Yes,Yes,Yes,<= 1 week,Quarterly,No,Yes,Lack of funding,Yes,No,No,No,No,No,No,No,No,Yes,,,No,No,No,No,No,No,No,No,No,No,No,No,No,No,No,No,,uuid:540353a8-f84b-499a-8454-be38e7484f63,
Amhara,North Shewa,254,Merhabete,10,39,5,uuid:57121c81-69bc-428f-b6c3-e28f2da8f770,5,23,1016,369,1016,369,2032,738,biweekly,No collaboration,Under PHEM,5,1,1,1,2,,,,,,,,,,,Yes,Yes,Yes,Yes totally,Yes,Dubling method,No,No,No,Yes,Yes,≤ 2 weeks but > 1week,Monthly,Yes,No,Low commitment of leadership,,,,,,,,,,,,,No,No,No,No,No,No,No,No,No,No,No,No,No,No,No,No,,uuid:57121c81-69bc-428f-b6c3-e28f2da8f770,
Harari,Harer,272,Sofi,9,42,4,uuid:576f4176-8995-4380-98c5-2c25a61f9661,2,11,199,212,199,212,398,424,weekly,Schools,Integrated with NTD,4,1,0,1,1,1,2,0,0,1,0,0,0,0,0,No,Yes,Yes,No,Yes,Dubling method,No,No,Yes,Yes,Yes,≤ 4 weeks but > 3weeks,Annually,Yes,Yes,Low supports from local organization and community,No,No,No,No,No,No,No,No,No,No,,,No,No,No,No,No,No,No,No,No,No,No,No,No,No,No,No,,uuid:576f4176-8995-4380-98c5-2c25a61f9661,
Oromiya,East Hararge,76,FEDIS-WEREDA,9,42,5,uuid:58b50a74-ed11-4ff2-9003-6ef416751530,5,19,315,522,315,522,630,1044,Never,No collaboration,Focal person,4,1,1,1,1,,,,,,,,,,,Yes,No,No,No,Yes,Dubling method,No,No,Yes,Yes,Yes,≤ 2 weeks but > 1week,Monthly,Yes,No,Low commitment of leadership,Yes,No,No,No,No,No,No,No,No,Yes,,,No,No,No,No,No,No,No,No,No,No,No,No,No,No,No,No,,uuid:58b50a74-ed11-4ff2-9003-6ef416751530,
SNNP,Silitie,202,Wilbareg,8,38,5,uuid:59078209-085f-43a7-8f8b-6a16b39c60a5,3,8,236,332,236,332,472,664,weekly,Schools,Focal person,5,1,0,1,2,0,0,0,0,0,0,0,1,1,0,No,Yes,Yes,No,Yes,2nd largest value out of 5 year data,Yes,Yes,No,Yes,Yes,≤ 2 weeks but > 1week,Monthly,Yes,Yes,Others,,,,,,,,,,,,,No,No,No,No,No,No,No,No,No,No,No,No,No,No,No,No,,uuid:59078209-085f-43a7-8f8b-6a16b39c60a5,
Oromiya,West Hararge,52,ANCHAR-WEREDA,9,40,5,uuid:5993c98f-e0d6-4de7-933f-7d755c8ca19a,0,0,0,0,0,0,0,0,quarterly,No collaboration,Focal person,4,1,1,1,1,,,,,,,,,,,No,Yes,Yes,No,Yes,Dubling method,No,Yes,No,Yes,Yes,≤ 2 weeks but > 1week,Quarterly,Yes,Yes,Others,No,No,No,No,No,No,No,No,No,No,Yes,No,No,No,No,No,No,Yes,Yes,Yes,Yes,Yes,Yes,No,Yes,Yes,Yes,Yes,No,uuid:5993c98f-e0d6-4de7-933f-7d755c8ca19a,
SNNP,Gurage,127,Mareko,8,39,5,uuid:5a97c9e3-336f-4c30-8ebc-f94cdd512fa5,3,25,37,24,37,24,74,48,Never,No collaboration,Under PHEM,3,0,1,1,1,,,,,,,,,,,Yes,Yes,No,No,Yes,2nd largest value out of 5 year data,Yes,No,No,Yes,Yes,≤ 2 weeks but > 1week,,No,Yes,Low supports from local organization and community,Yes,No,No,No,No,No,No,No,No,Yes,Yes,No,No,No,Yes,No,Yes,Yes,No,No,Yes,No,No,Yes,No,No,No,Yes,No,uuid:5a97c9e3-336f-4c30-8ebc-f94cdd512fa5,
Tigray,Eastern Tigray,107,Ganta Afeshum,14,39,5,uuid:5b507fad-e79f-4ff3-a4ce-71715a445476,5,20,2388,4145,2388,4145,4776,8290,monthly,No collaboration,Under PHEM,17,0,2,1,1,,,,,,,,,,,No,No,No,No,Yes,Dubling method,No,Yes,Yes,Yes,Yes,≤ 2 weeks but > 1week,,Yes,Yes,Lack of funding,Yes,No,No,No,No,No,No,No,No,No,Yes,No,Yes,No,No,No,No,Yes,No,No,Yes,No,No,No,No,No,No,No,No,uuid:5b507fad-e79f-4ff3-a4ce-71715a445476,
Oromiya,East Hararge,90,META-WEREDA,9,42,5,uuid:5c7c44e4-20a9-4346-9f33-c4c704a54a03,7,40,56,33,56,33,112,66,weekly,Local NGOs,Integrated with NTD,4,1,1,1,1,,,,,,,,,,,Yes,Yes,Yes,Yes partially,Yes,2nd largest value out of 5 year data,No,No,No,Yes,Yes,≤ 4 weeks but > 3weeks,Quarterly,Yes,No,Low supports from local organization and community,,,,,,,,,,,Yes,No,No,No,No,No,No,Yes,No,No,No,No,No,No,No,No,No,No,No,uuid:5c7c44e4-20a9-4346-9f33-c4c704a54a03,
Oromiya,Arsi,47,SIRE-WEREDA,8,39,5,uuid:5dca5878-67a7-443c-a8ce-05258c5c1373,4,17,243,70,243,70,486,140,Never,Schools,Integrated with NTD,3,0,1,1,1,,,,,,,,,,,Yes,No,Yes,Yes partially,Yes,2nd largest value out of 5 year data,Yes,Yes,No,Yes,Yes,<= 1 week,Quarterly,Yes,Yes,Low supports from local organization and community,,,,,,,,,,,,,No,No,No,No,No,No,No,No,No,No,No,No,No,No,No,No,,uuid:5dca5878-67a7-443c-a8ce-05258c5c1373,
Amhara,South Wolo,231,Mekdella,11,39,4,uuid:5f43fc06-4bce-4fdb-ab82-b10fcd7cbd08,7,28,261,174,261,174,522,348,biweekly,No collaboration,Focal person,18,1,2,1,1,,,,,,,,,,,No,No,Yes,Yes partially,No,Not developed,No,Yes,No,No,,,Monthly,No,No,Others,Yes,No,No,No,No,No,No,No,No,No,,,No,No,No,No,No,No,No,No,No,No,No,No,No,No,No,No,,uuid:5f43fc06-4bce-4fdb-ab82-b10fcd7cbd08,
Oromiya,Arsi,30,CHOLE-WEREDA,8,40,5,uuid:5f45c744-6f81-42af-b484-7f88eccf7f7f,4,5,302,228,302,228,604,456,monthly,"Health facilites (hospital, hc, hps)",Integrated with NTD,1,1,1,1,1,,,,,,,,,,,Yes,Yes,Yes,No,No,Not developed,No,No,No,No,,,Monthly,No,No,Few collaborating partners on malaria BCC,Yes,No,No,No,No,No,No,No,No,No,,,No,No,No,No,No,No,No,No,No,No,No,No,No,No,No,No,,uuid:5f45c744-6f81-42af-b484-7f88eccf7f7f,
Tigray,Central Tigray,97,Wereilehi,14,39,5,uuid:5fbd82b9-d870-4b8e-a726-e02ccd2d1ef9,6,29,3724,6584,3724,6584,7448,13168,monthly,Others,Under PHEM,10,0,1,1,1,,,,,,,,,,,Yes,No,No,Yes partially,Yes,Dubling method,No,Yes,Yes,Yes,Yes,≤ 2 weeks but > 1week,Monthly,Yes,Yes,Low supports from local organization and community,,,,,,,,,,,Yes,No,No,No,No,No,No,No,No,No,No,No,No,Yes,No,No,No,No,No,uuid:5fbd82b9-d870-4b8e-a726-e02ccd2d1ef9,
SNNP,Sidama,171,Boricha,7,38,5,uuid:5fe64876-0e48-46ab-b670-f9bc21f7329d,11,39,1190,820,1190,820,2380,1640,weekly,Schools,Integrated with NTD,2,2,2,2,2,,,,,,,,,,,Yes,No,No,Yes partially,Yes,Dubling method,Yes,Yes,No,Yes,Yes,<= 1 week,,Yes,Yes,Few collaborating partners on malaria BCC,Yes,Yes,Yes,No,No,No,No,No,No,No,Yes,No,No,No,No,No,No,No,No,No,Yes,Yes,Yes,Yes,Yes,No,Yes,No,No,uuid:5fe64876-0e48-46ab-b670-f9bc21f7329d,
Amhara,South Wolo,218,Ambasel,12,40,5,uuid:6087c1ee-5c59-496b-a798-f7429b610e6d,7,23,112,147,112,147,224,294,weekly,Others,Focal person,2,1,3,1,1,0,0,0,0,1,0,0,0,0,0,Yes,Yes,Yes,Yes partially,Yes,Dubling method,No,Yes,No,Yes,Yes,<= 1 week,Monthly,Yes,Yes,Others,Yes,No,No,No,No,No,No,No,No,No,,,No,No,No,No,No,No,No,No,No,No,No,No,No,No,No,No,,uuid:6087c1ee-5c59-496b-a798-f7429b610e6d,
Oromiya,East Hararge,79,GORO GUTU-WEREDA,9,41,5,uuid:6096f15e-9338-46b5-838b-51ac22d46780,6,28,174,91,174,91,348,182,monthly,"Health facilites (hospital, hc, hps)",Integrated with NTD,4,1,1,1,1,,,,,,,,,,,Yes,No,No,Yes partially,Yes,2nd largest value out of 5 year data,No,No,No,Yes,Yes,≤ 4 weeks but > 3weeks,Monthly,Yes,Yes,Low supports from local organization and community,Yes,No,No,No,No,No,No,No,No,No,,,No,No,No,No,No,No,No,No,No,No,No,No,No,No,No,No,,uuid:6096f15e-9338-46b5-838b-51ac22d46780,
SNNP,Silitie,197,Lanifaro,8,38,4,uuid:60ada3f5-9bf1-4711-96ce-0c4692ed828e,4,25,154,52,154,52,308,104,weekly,"Health facilites (hospital, hc, hps)",Focal person,1,1,1,2,2,766,4,1,1,1,0,55,54,0,0,Yes,Yes,No,No,Yes,Dubling method,Yes,Yes,No,Yes,Yes,Other,Quarterly,Yes,Yes,Few collaborating partners on malaria BCC,Yes,No,Yes,No,No,Yes,No,No,No,Yes,,,No,No,No,No,No,No,No,No,No,No,No,No,No,No,No,No,,uuid:60ada3f5-9bf1-4711-96ce-0c4692ed828e,
Amhara,North Shewa,258,Moretnajiru,10,39,8,uuid:6182cc9c-a95e-4154-ac0b-90f8a2fe4e8c,4,28,7,5,7,5,14,10,monthly,Schools,Under PHEM,13,1,1,1,1,,,,,,,,,,,Yes,No,No,Yes partially,No,Not developed,Yes,Yes,Yes,Yes,Yes,≤ 2 weeks but > 1week,Monthly,Yes,No,Low commitment of leadership,,,,,,,,,,,,,No,No,No,No,No,No,No,No,No,No,No,No,No,No,No,No,,uuid:6182cc9c-a95e-4154-ac0b-90f8a2fe4e8c,
Amhara,South Wolo,236,Worebabo,11,40,5,uuid:62143c5b-8e7d-4e87-8f66-676c37a85fc7,5,20,0,0,0,0,0,0,monthly,Schools,Focal person,4,1,2,1,1,,,,,,,,,,,Yes,No,No,Yes totally,No,Not developed,No,No,No,No,,,Quarterly,Yes,Yes,Others,Yes,No,No,No,No,No,No,No,No,No,Yes,No,No,No,No,No,No,Yes,No,No,No,No,No,No,No,No,No,No,No,uuid:62143c5b-8e7d-4e87-8f66-676c37a85fc7,
SNNP,Gedeo,194,Gedeb,6,38,5,uuid:624a6773-76dd-482c-99d8-59dc354be628,5,16,0,0,0,0,0,0,Never,No collaboration,Integrated with NTD,0,0,1,1,1,,,,,,,,,,,No,No,No,Yes partially,No,Not developed,Yes,Yes,Yes,No,,,,Yes,No,Low commitment of leadership,No,No,No,No,No,No,No,No,No,No,,,No,No,No,No,No,No,No,No,No,No,No,No,No,No,No,No,,uuid:624a6773-76dd-482c-99d8-59dc354be628,
SNNP,Sidama,164,Alteta Wondo,7,38,5,uuid:634f4808-a54b-4291-a3e6-a3930a245adf,7,29,107,96,107,96,214,192,monthly,"Other sectors (like: agriculture, water, etc)",Focal person,16,1,2,1,1,,,,,,,,,,,No,Yes,Yes,Yes partially,Yes,2nd largest value out of 5 year data,Yes,Yes,No,Yes,Yes,<= 1 week,Quarterly,Yes,No,Low supports from local organization and community,Yes,No,No,No,No,No,No,No,No,No,,,No,No,No,No,No,No,No,No,No,No,No,No,No,No,No,No,,uuid:634f4808-a54b-4291-a3e6-a3930a245adf,
SNNP,Gurage,139,Gummer,8,38,4,uuid:639b43bd-bafc-4362-bb98-2567ee0351d4,4,18,10,0,10,0,20,0,Never,No collaboration,Under PHEM,3,0,1,1,1,,,,,,,,,,,No,No,No,Yes totally,No,Not developed,Yes,Yes,No,No,,,,Yes,No,Lack of funding,No,No,No,No,No,No,No,No,No,No,,,No,No,No,No,No,No,No,No,No,No,No,No,No,No,No,No,,uuid:639b43bd-bafc-4362-bb98-2567ee0351d4,
Oromiya,Arsi,28,BELE GASGAR-WEREDA,8,40,10,uuid:645752b2-5d84-45ff-8d9f-cc5c3a54aa97,3,16,75,48,75,48,150,96,quarterly,No collaboration,Integrated with NTD,1,1,0,1,1,,,,,,,,,,,Yes,No,No,Yes partially,No,Not developed,No,Yes,No,No,,,Quarterly,No,No,Few collaborating partners on malaria BCC,,,,,,,,,,,,,No,No,No,No,No,No,No,No,No,No,No,No,No,No,No,No,,uuid:645752b2-5d84-45ff-8d9f-cc5c3a54aa97,
SNNP,Gedeo,192,Yirgachefee Town,6,38,5,uuid:668d5b6e-1fc3-436e-acd8-9521a7c5ccb6,1,0,705,113,705,113,1410,226,weekly,No collaboration,Integrated with NTD,4,1,0,1,1,,,,,,,,,,,Yes,No,No,No,No,Not developed,Yes,Yes,No,Yes,No,Other,Monthly,No,Yes,Low supports from local organization and community,Yes,No,No,No,No,No,No,No,No,No,,,No,No,No,No,No,No,No,No,No,No,No,No,No,No,No,No,,uuid:668d5b6e-1fc3-436e-acd8-9521a7c5ccb6,
Tigray,Central Tigray,99,Mereb Leha,14,39,5,uuid:680a1e84-63c0-40af-84a8-e6d0cf6db37c,7,18,6011,5955,6011,5955,12022,11910,biweekly,"Other sectors (like: agriculture, water, etc)",Integrated with NTD,1,1,1,1,1,,,,,,,,,,,Yes,Yes,Yes,No,Yes,Dubling method,Yes,Yes,Yes,Yes,Yes,<= 1 week,Quarterly,Yes,No,Others,,,,,,,,,,,,,No,No,No,No,No,No,No,No,No,No,No,No,No,No,No,No,,uuid:680a1e84-63c0-40af-84a8-e6d0cf6db37c,
Oromiya,West Hararge,60,GEMECHIS-WEREDA,9,41,5,uuid:6aa663f5-6318-4bab-b1ff-7c4104717d56,6,36,55,38,55,38,110,76,quarterly,No collaboration,Focal person,1,1,3,1,1,0,20,0,0,1,0,8,0,0,0,Yes,Yes,Yes,No,Yes,Dubling method,No,No,No,Yes,Yes,≤ 2 weeks but > 1week,Monthly,Yes,No,Few collaborating partners on malaria BCC,,,,,,,,,,,,,No,No,No,No,No,No,No,No,No,No,No,No,No,No,No,No,,uuid:6aa663f5-6318-4bab-b1ff-7c4104717d56,
Oromiya,West Hararge,54,BOKE-WEREDA,9,41,5,uuid:6adf2900-3e6e-4cfd-b371-5df5d037e636,5,21,109,74,109,74,218,148,weekly,Schools,Integrated with NTD,12,1,1,1,1,0,0,0,0,3,0,0,0,0,0,Yes,Yes,Yes,Yes partially,Yes,2nd largest value out of 5 year data,No,Yes,Yes,Yes,Yes,≤ 4 weeks but > 3weeks,Annually,Yes,No,Low supports from local organization and community,Yes,No,No,No,No,No,No,No,No,No,Yes,No,No,No,No,No,No,Yes,No,No,Yes,No,Yes,Yes,No,Yes,Yes,Yes,No,uuid:6adf2900-3e6e-4cfd-b371-5df5d037e636,
Amhara,South Wolo,227,Kutaber,11,40,5,uuid:6b40d9c1-b421-417e-92e9-c6e887b3d319,5,20,81,51,81,51,162,102,Never,No collaboration,Focal person,15,1,2,1,1,0,0,0,0,0,0,0,0,0,0,No,Yes,Yes,Yes totally,Yes,Dubling method,No,Yes,No,Yes,Yes,≤ 4 weeks but > 3weeks,Monthly,Yes,Yes,Others,Yes,No,No,No,No,No,No,No,No,No,,,No,No,No,No,No,No,No,No,No,No,No,No,No,No,No,No,,uuid:6b40d9c1-b421-417e-92e9-c6e887b3d319,
Oromiya,Arsi,50,TIYO-WEREDA,8,39,5,uuid:6e577b91-9f6d-42e3-9362-60616e77835a,4,18,44,21,44,21,88,42,quarterly,No collaboration,Integrated with NTD,4,1,1,1,1,,,,,,,,,,,Yes,No,No,No,No,Not developed,No,No,No,No,,,,Yes,No,Few collaborating partners on malaria BCC,,,,,,,,,,,,,No,No,No,No,No,No,No,No,No,No,No,No,No,No,No,No,,uuid:6e577b91-9f6d-42e3-9362-60616e77835a,
Amhara,North Wollo,204,Bugna,12,39,3,uuid:6e7888a0-bb1e-4996-854d-9f5ddb0993de,4,11,150,127,150,127,300,254,weekly,No collaboration,Separate case team,1,1,1,1,1,,,,,,,,,,,Yes,No,No,No,Yes,2nd largest value out of 5 year data,No,No,No,Yes,Yes,<= 1 week,Monthly,Yes,No,Few collaborating partners on malaria BCC,,,,,,,,,,,,,No,No,No,No,No,No,No,No,No,No,No,No,No,No,No,No,,uuid:6e7888a0-bb1e-4996-854d-9f5ddb0993de,
Amhara,South Wolo,230,M/Saint,11,39,5,uuid:6fc49f04-39e7-4763-8a33-b4a83912d4de,5,15,0,263,0,263,0,526,quarterly,Schools,Focal person,4,1,1,1,1,,,,,,,,,,,No,No,Yes,Yes totally,Yes,Dubling method,Yes,Yes,No,Yes,Yes,<= 1 week,Monthly,Yes,No,Low supports from local organization and community,No,No,No,No,No,No,No,No,No,No,Yes,No,Yes,Yes,No,No,Yes,No,No,No,No,No,Yes,No,Yes,Yes,Yes,Yes,No,uuid:6fc49f04-39e7-4763-8a33-b4a83912d4de,
Amhara,South Wolo,223,Jamma,10,39,4,uuid:70f487e4-dfad-4af7-b58c-a819d47c1378,6,22,166,76,166,76,332,152,weekly,Local NGOs,Focal person,4,1,2,1,0,0,0,1,0,0,0,0,0,0,0,No,No,No,Yes totally,No,Not developed,Yes,Yes,No,No,,,,Yes,No,Low supports from local organization and community,,,,,,,,,,,Yes,Yes,No,No,No,No,No,No,No,No,Yes,Yes,Yes,No,Yes,Yes,Yes,Yes,No,uuid:70f487e4-dfad-4af7-b58c-a819d47c1378,
SNNP,Kembata Timbaro,157,Angacha,7,38,4,uuid:72461cd6-7b6a-4f72-ab07-3aeb42c4cae6,,,0,0,0,0,0,0,,Private sectors,Integrated with NTD,2,1,2,0,0,0,1,0,0,0,0,0,0,0,0,Yes,,,,,,,,,,,,,Yes,Yes,Others,,,,,,,,,,,,,No,No,No,No,No,No,No,No,No,No,No,No,No,No,No,No,,uuid:72461cd6-7b6a-4f72-ab07-3aeb42c4cae6,
SNNP,Sidama,168,Shebedino,7,38,5,uuid:735a8062-3a1c-43ab-a3e9-7888d509443e,9,32,43,9,43,9,86,18,monthly,Schools,Integrated with NTD,23,1,2,1,2,,,,,,,,,,,Yes,Yes,Yes,No,Yes,2nd largest value out of 5 year data,Yes,Yes,No,Yes,No,Other,Monthly,Yes,Yes,Others,Yes,Yes,No,No,No,No,No,No,No,No,,,No,No,No,No,No,No,No,No,No,No,No,No,No,No,No,No,,uuid:735a8062-3a1c-43ab-a3e9-7888d509443e,
Tigray,Central Tigray,104,Nader Adet,14,39,5,uuid:75e3e27b-1b4f-4a44-ace1-9b19e1f238be,6,23,3167,2612,3167,2612,6334,5224,monthly,No collaboration,Focal person,1,1,1,1,1,1,0,0,0,1,0,0,0,0,0,Yes,No,No,No,Yes,Dubling method,Yes,Yes,Yes,Yes,Yes,<= 1 week,Monthly,Yes,Yes,Low supports from local organization and community,,,,,,,,,,,,,No,No,No,No,No,No,No,No,No,No,No,No,No,No,No,No,,uuid:75e3e27b-1b4f-4a44-ace1-9b19e1f238be,
SNNP,Sidama,178,Aroresa,6,39,3,uuid:76c0a98e-098e-47eb-bba4-ac3dad25f7c9,8,33,87,220,87,220,174,440,biweekly,Private health facilites,Under PHEM,18,1,2,1,1,1,1,1,0,0,0,0,0,0,0,No,No,No,Yes partially,No,Not developed,Yes,No,No,No,,,Monthly,Yes,Yes,Low commitment of leadership,,,,,,,,,,,Yes,No,No,No,Yes,No,Yes,No,Yes,Yes,No,No,No,No,No,No,No,No,No,uuid:76c0a98e-098e-47eb-bba4-ac3dad25f7c9,
Oromiya,East Hararge,82,HAROMAYA-TOWN,9,42,5,uuid:7958d377-ffc4-410c-9126-cb0135dcc32a,0,0,0,0,0,0,0,0,quarterly,Schools,Focal person,3,1,0,1,1,,,,,,,,,,,Yes,No,No,Yes totally,No,Not developed,Yes,Yes,No,Yes,No,Other,Monthly,No,No,Low commitment of leadership,No,No,No,No,No,No,No,No,No,No,,,No,No,No,No,No,No,No,No,No,No,No,No,No,No,No,No,,uuid:7958d377-ffc4-410c-9126-cb0135dcc32a,
Amhara,North Shewa,242,Baso Worana,10,40,4,uuid:79b00c58-5f0a-4010-a399-7e9b7e719b68,4,31,0,0,0,0,0,0,Never,No collaboration,Under PHEM,16,0,1,2,1,,,,,,,,,,,Yes,No,No,Yes totally,No,Not developed,No,No,No,No,,,,Yes,Yes,Low commitment of leadership,,,,,,,,,,,Yes,No,No,No,No,No,No,Yes,No,No,Yes,Yes,Yes,Yes,Yes,Yes,No,No,No,uuid:79b00c58-5f0a-4010-a399-7e9b7e719b68,
SNNP,Hadiya,144,Shashogo,8,38,5,uuid:7a3e915d-1a14-4697-8da5-f14c84d91562,5,34,4964,3710,4964,3710,9928,7420,monthly,No collaboration,Integrated with NTD,1,20,1,1,1,,,,,,,,,,,Yes,No,No,No,No,Not developed,No,No,No,No,,,Monthly,Yes,Yes,Low supports from local organization and community,,,,,,,,,,,,,No,No,No,No,No,No,No,No,No,No,No,No,No,No,No,No,,uuid:7a3e915d-1a14-4697-8da5-f14c84d91562,
Tigray,South Tigray,119,Korem Town,13,40,5,uuid:7ad48aaf-cbf5-4243-894e-09295c4e9f4c,1,0,1664,30000,1664,30000,3328,60000,quarterly,Schools,Focal person,1,19,0,0,0,1,1,1,1,1,0,0,1,1,0,Yes,No,No,No,Yes,Dubling method,Yes,Yes,No,Yes,Yes,≤ 4 weeks but > 3weeks,Quarterly,No,Yes,Low supports from local organization and community,Yes,No,No,No,No,No,No,No,No,No,,,No,No,No,No,No,No,No,No,No,No,No,No,No,No,No,No,,uuid:7ad48aaf-cbf5-4243-894e-09295c4e9f4c,
SNNP,Sidama,175,Gorche,7,39,4,uuid:7d5a3c73-96dd-498c-8303-a8fa3e64ead1,6,0,8,6,8,6,16,12,weekly,"Health facilites (hospital, hc, hps)",Integrated with NTD,23,1,15,1,7,,,,,,,,,,,No,No,No,No,No,Not developed,No,No,No,No,,,,Yes,No,Low commitment of leadership,,,,,,,,,,,,,No,No,No,No,No,No,No,No,No,No,No,No,No,No,No,No,,uuid:7d5a3c73-96dd-498c-8303-a8fa3e64ead1,
SNNP,Gedeo,188,Dilla Zuria,6,38,5,uuid:80f4b437-bce6-4689-ba45-c0f64e0b609f,,,0,0,0,0,0,0,,Schools,Focal person,17,1,1,1,1,,,,,,,,,,,Yes,,,No,,,,,,,,,,,No,Low supports from local organization and community,,,,,,,,,,,,,No,No,No,No,No,No,No,No,No,No,No,No,No,No,No,No,,uuid:80f4b437-bce6-4689-ba45-c0f64e0b609f,
SNNP,Silitie,195,Alicho Woriro,8,38,5,uuid:826eafaa-7218-4f1b-a75d-c8787b5d9007,5,25,3,5,3,5,6,10,weekly,"Health facilites (hospital, hc, hps)",Integrated with NTD,14,1,0,1,1,,,,,,,,,,,No,No,No,No,No,Not developed,Yes,Yes,No,No,,,Monthly,Yes,Yes,Lack of funding,,,,,,,,,,,Yes,No,Yes,Yes,Yes,No,Yes,Yes,No,No,Yes,Yes,Yes,Yes,Yes,Yes,Yes,Yes,No,uuid:826eafaa-7218-4f1b-a75d-c8787b5d9007,
Oromiya,Arsi,34,ENKELO WABE-WEREDA,7,39,3,uuid:83cb50b3-0987-4a43-93fb-a69683ceb237,3,9,5,8,5,8,10,16,annually,Schools,Under PHEM,4,1,1,1,1,,,,,,,,,,,Yes,No,No,Yes totally,No,Not developed,No,Yes,No,No,,,Quarterly,No,No,Others,,,,,,,,,,,,,No,No,No,No,No,No,No,No,No,No,No,No,No,No,No,No,,uuid:83cb50b3-0987-4a43-93fb-a69683ceb237,
SNNP,Silitie,200,Sankura,8,38,5,uuid:855c5452-3097-4bd0-a838-71b4b236b61a,,,0,0,0,0,0,0,,,,,,,,,,,,,,,,,,,,,,No,,,,,,,,,,Yes,,,,,,,,,,,,,,,No,No,No,No,No,No,No,No,No,No,No,No,No,No,No,No,,uuid:855c5452-3097-4bd0-a838-71b4b236b61a,
Oromiya,East Hararge,69,AWEDAY-TOWN,9,42,5,uuid:857f7d9e-abeb-4118-ba1e-ab240f283909,1,0,58,238,58,238,116,476,monthly,"Health facilites (hospital, hc, hps)",Focal person,3,1,0,1,0,0,0,0,0,2,0,0,0,0,0,No,No,No,Yes totally,No,Not developed,Yes,Yes,No,Yes,No,Other,Monthly,No,No,Low commitment of leadership,Yes,Yes,No,No,No,No,No,No,No,No,,,No,No,No,No,No,No,No,No,No,No,No,No,No,No,No,No,,uuid:857f7d9e-abeb-4118-ba1e-ab240f283909,
Tigray,South East,124,Enderta,13,40,5,uuid:87672695-8162-49e3-9a9e-38dbc0ef821e,6,17,232,1084,232,1084,464,2168,monthly,Schools,Focal person,1,1,0,0,0,,,,,,,,,,,No,No,No,No,Yes,Dubling method,Yes,Yes,Yes,Yes,Yes,≤ 4 weeks but > 3weeks,Quarterly,No,Yes,Low supports from local organization and community,Yes,No,No,No,No,No,No,No,No,No,,,No,No,No,No,No,No,No,No,No,No,No,No,No,No,No,No,,uuid:87672695-8162-49e3-9a9e-38dbc0ef821e,
Tigray,Eastern Tigray,113,Wekero Town,14,40,5,uuid:876f2919-4552-4518-bf6d-621b1e921afe,3,0,2155,5413,2155,5413,4310,10826,quarterly,Schools,Under PHEM,11,0,0,1,1,,,,,,,,,,,No,No,Yes,Yes partially,Yes,Dubling method,Yes,Yes,Yes,Yes,Yes,<= 1 week,,Yes,Yes,Low commitment of leadership,Yes,No,No,No,No,No,No,No,No,No,Yes,No,No,No,No,No,No,No,No,No,No,No,Yes,No,No,No,No,No,No,uuid:876f2919-4552-4518-bf6d-621b1e921afe,
SNNP,Gurage,140,Geta,8,38,5,uuid:88569d04-665e-41c6-aa7b-592d252004cc,3,16,0,0,0,0,0,0,Never,No collaboration,Under PHEM,4,1,1,1,1,,,,,,,,,,,No,No,No,No,No,Not developed,No,Yes,No,No,,,,Yes,No,Low supports from local organization and community,No,No,No,No,No,No,No,No,No,No,,,No,No,No,No,No,No,No,No,No,No,No,No,No,No,No,No,,uuid:88569d04-665e-41c6-aa7b-592d252004cc,
SNNP,Sidama,167,Loka Abaya,7,38,4,uuid:89b7b488-2ba3-49d3-9bf0-9eab8b2d8965,7,26,1452,1071,1452,1071,2904,2142,biweekly,Schools,Focal person,1,1,2,1,1,2,2,2,2,1,0,0,0,0,0,Yes,Yes,Yes,No,No,Not developed,Yes,Yes,No,No,,,Quarterly,Yes,Yes,Low supports from local organization and community,Yes,No,No,No,No,No,No,No,No,No,Yes,No,No,No,Yes,Yes,No,Yes,No,No,Yes,Yes,Yes,Yes,No,No,No,No,No,uuid:89b7b488-2ba3-49d3-9bf0-9eab8b2d8965,
Amhara,North Shewa,240,Antsokia,11,40,5,uuid:8a326453-655e-4864-8c8b-acc49176d026,4,11,1036,238,1036,238,2072,476,weekly,Schools,Under PHEM,2,1,0,1,0,,,,,,,,,,,Yes,No,No,Yes partially,No,Not developed,Yes,Yes,No,No,,,,Yes,No,Low supports from local organization and community,,,,,,,,,,,,,No,No,No,No,No,No,No,No,No,No,No,No,No,No,No,No,,uuid:8a326453-655e-4864-8c8b-acc49176d026,
Tigray,South Tigray,122,Alamata Town,12,40,5,uuid:8b40fe2d-6b28-401c-8db7-b1b6cb315921,1,0,136,205,136,205,272,410,weekly,Others,Focal person,9,1,1,1,1,0,0,0,0,1,0,0,0,1,0,No,Yes,Yes,Yes totally,Yes,Other method,Yes,Yes,No,Yes,Yes,Other,Monthly,Yes,Yes,Others,,,,,,,,,,,,,No,No,No,No,No,No,No,No,No,No,No,No,No,No,No,No,,uuid:8b40fe2d-6b28-401c-8db7-b1b6cb315921,
Oromiya,Arsi,41,MERTI-WEREDA,8,40,5,uuid:8c183354-ddce-4283-82b7-04d7de16eb44,4,19,1894,692,1894,692,3788,1384,quarterly,No collaboration,Integrated with NTD,2,2,1,1,1,,,,,,,,,,,Yes,Yes,Yes,Yes partially,Yes,2nd largest value out of 5 year data,Yes,Yes,No,Yes,Yes,<= 1 week,Monthly,Yes,Yes,Low supports from local organization and community,Yes,Yes,No,No,No,No,No,No,No,Yes,,,No,No,No,No,No,No,No,No,No,No,No,No,No,No,No,No,,uuid:8c183354-ddce-4283-82b7-04d7de16eb44,
SNNP,Hadiya,147,Gombora,8,38,4,uuid:8cae6756-1bfc-47d8-b437-c9a82a899e28,6,23,1048,631,1048,631,2096,1262,monthly,No collaboration,Integrated with NTD,5,2,1,1,1,0,0,0,0,1,0,0,0,0,0,Yes,No,No,No,No,Not developed,No,No,No,No,,,Monthly,Yes,No,Lack of funding,Yes,No,No,No,No,No,No,No,No,No,Yes,No,Yes,Yes,Yes,Yes,Yes,Yes,No,No,Yes,Yes,Yes,Yes,Yes,Yes,Yes,Yes,No,uuid:8cae6756-1bfc-47d8-b437-c9a82a899e28,
SNNP,Gurage,136,Cheha,8,38,5,uuid:8cd1b642-5ca4-417c-8807-317f609162d6,5,22,3416,1417,3416,1417,6832,2834,monthly,Schools,Focal person,5,1,1,1,1,2,0,1,0,1,0,2,0,0,1,Yes,Yes,Yes,Yes totally,Yes,2nd largest value out of 5 year data,Yes,No,No,Yes,Yes,≤ 3 weeks but > 2weeks,Monthly,Yes,Yes,Low commitment of leadership,Yes,No,No,No,No,No,No,No,No,No,,,No,No,No,No,No,No,No,No,No,No,No,No,No,No,No,No,,uuid:8cd1b642-5ca4-417c-8807-317f609162d6,
Amhara,North Shewa,248,H/mariam,9,39,5,uuid:8d5ec0be-c621-4f87-8ca4-251e82fd0235,4,33,90,92,90,92,180,184,quarterly,Schools,Under PHEM,1,1,0,0,0,,,,,,,,,,,Yes,No,No,Yes partially,No,Not developed,No,No,No,No,,,Monthly,Yes,Yes,Low commitment of leadership,,,,,,,,,,,Yes,No,No,No,No,No,No,Yes,Yes,Yes,No,Yes,Yes,Yes,Yes,Yes,Yes,Yes,No,uuid:8d5ec0be-c621-4f87-8ca4-251e82fd0235,
Amhara,North Wollo,205,Dawunt,11,39,5,uuid:8d855b50-20dc-407e-b9a6-0bead29520b0,4,7,105,85,105,85,210,170,weekly,"Other sectors (like: agriculture, water, etc)",Integrated with NTD,12,1,1,1,1,,,,,,,,,,,Yes,No,No,Yes partially,Yes,2nd largest value out of 5 year data,No,No,No,Yes,Yes,<= 1 week,Monthly,Yes,Yes,Few collaborating partners on malaria BCC,,,,,,,,,,,,,No,No,No,No,No,No,No,No,No,No,No,No,No,No,No,No,,uuid:8d855b50-20dc-407e-b9a6-0bead29520b0,
Amhara,North Shewa,246,Ensaro,10,39,4,uuid:91a5543f-d93d-4c75-b048-05df7e20ac47,4,12,178,142,178,142,356,284,weekly,"Other sectors (like: agriculture, water, etc)",Separate case team,3,1,1,0,1,,,,,,,,,,,Yes,No,Yes,Yes totally,Yes,Dubling method,No,No,Yes,Yes,Yes,≤ 2 weeks but > 1week,Monthly,Yes,Yes,Low supports from local organization and community,,,,,,,,,,,Yes,No,Yes,Yes,No,No,No,Yes,No,No,Yes,Yes,Yes,Yes,No,No,Yes,Yes,No,uuid:91a5543f-d93d-4c75-b048-05df7e20ac47,
Tigray,South Tigray,121,Alamata,12,40,5,uuid:93e60cc0-f02e-4efb-9eb7-e44db52837fa,5,15,1708,2285,1708,2285,3416,4570,weekly,"Other sectors (like: agriculture, water, etc)",Under PHEM,15,1,0,1,1,1,1,2,1,1,0,1,2,1,0,Yes,Yes,Yes,Yes partially,Yes,2nd largest value out of 5 year data,Yes,No,No,Yes,Yes,Other,Quarterly,Yes,Yes,Others,,,,,,,,,,,Yes,No,No,No,No,No,No,Yes,No,No,Yes,No,No,No,No,No,No,No,No,uuid:93e60cc0-f02e-4efb-9eb7-e44db52837fa,
SNNP,Silitie,201,Misirak Azerenet Berbere,8,38,5,uuid:953fa631-34c5-41a9-87c3-8da3f01cc82f,4,20,28,2,28,2,56,4,monthly,Schools,Integrated with NTD,13,1,0,1,1,,,,,,,,,,,Yes,Yes,Yes,Yes totally,Yes,Dubling method,Yes,Yes,Yes,Yes,Yes,≤ 4 weeks but > 3weeks,,No,Yes,Low supports from local organization and community,,,,,,,,,,,Yes,No,Yes,Yes,Yes,Yes,Yes,Yes,No,No,Yes,Yes,Yes,Yes,Yes,Yes,Yes,Yes,No,uuid:953fa631-34c5-41a9-87c3-8da3f01cc82f,
SNNP,Sidama,179,Bona Zuriya,7,39,5,uuid:95b31ee1-ddf9-49a9-aa86-883134dc8f21,5,27,5,6,5,6,10,12,weekly,No collaboration,Focal person,1,1,1,1,1,,,,,,,,,,,No,No,No,Yes totally,No,Not developed,No,Yes,No,No,,,,Yes,No,Others,,,,,,,,,,,Yes,No,No,No,No,No,No,Yes,No,No,No,No,No,Yes,No,No,No,No,No,uuid:95b31ee1-ddf9-49a9-aa86-883134dc8f21,
Amhara,North Shewa,257,Mojana,10,40,5,uuid:96b68251-a8e2-416f-8e4f-bd8d863e3eac,3,13,7,41,7,41,14,82,weekly,"Other sectors (like: agriculture, water, etc)",Under PHEM,2,0,1,1,1,,,,,,,,,,,No,No,No,Yes totally,Yes,Dubling method,Yes,Yes,Yes,No,,,,Yes,No,Few collaborating partners on malaria BCC,,,,,,,,,,,Yes,No,Yes,No,No,No,No,No,No,No,No,No,No,No,No,No,No,No,No,uuid:96b68251-a8e2-416f-8e4f-bd8d863e3eac,
Oromiya,East Hararge,83,HAROMAYA-WEREDA,9,42,4,uuid:976587f7-60f8-47c5-ab69-b21a1a4dd947,7,34,42,1336,42,1336,84,2672,Never,"Health facilites (hospital, hc, hps)",Focal person,4,1,1,1,1,,,,,,,,,,,Yes,Yes,Yes,Yes partially,Yes,2nd largest value out of 5 year data,No,No,Yes,Yes,Yes,≤ 4 weeks but > 3weeks,Monthly,Yes,No,Low supports from local organization and community,No,No,No,No,No,No,No,No,No,No,,,No,No,No,No,No,No,No,No,No,No,No,No,No,No,No,No,,uuid:976587f7-60f8-47c5-ab69-b21a1a4dd947,
SNNP,Hadiya,152,Hosana town,8,38,3,uuid:97cff730-62dd-4fe7-a0a2-2a5ade6d5702,3,0,0,0,0,0,0,0,weekly,No collaboration,Integrated with NTD,7,1,1,0,0,,,,,,,,,,,No,Yes,Yes,No,Yes,Dubling method,Yes,Yes,No,Yes,Yes,<= 1 week,Monthly,Yes,No,Few collaborating partners on malaria BCC,No,No,No,No,No,No,No,No,No,No,,,No,No,No,No,No,No,No,No,No,No,No,No,No,No,No,No,,uuid:97cff730-62dd-4fe7-a0a2-2a5ade6d5702,
SNNP,Kembata Timbaro,154,Kacha Bira,7,38,9,uuid:985a3dba-1a90-417d-87ff-ef74ae775e9e,4,23,657,338,657,338,1314,676,weekly,"Health facilites (hospital, hc, hps)",Focal person,2,1,1,1,1,,,,,,,,,,,No,Yes,Yes,No,Yes,2nd largest value out of 5 year data,No,No,No,Yes,Yes,≤ 2 weeks but > 1week,Monthly,Yes,No,Others,Yes,No,No,No,No,No,No,No,No,No,Yes,No,No,No,No,No,No,Yes,No,No,Yes,Yes,No,No,No,No,Yes,No,No,uuid:985a3dba-1a90-417d-87ff-ef74ae775e9e,
Amhara,South Wolo,226,Kombolcha,11,40,5,uuid:98a957fd-dcba-44d5-bd07-c38846dc071e,4,6,268,158,268,158,536,316,weekly,Others,Under PHEM,1,1,3,1,1,1,0,0,0,0,0,0,0,0,0,Yes,No,No,Yes partially,Yes,Dubling method,Yes,Yes,No,Yes,Yes,Other,Monthly,No,Yes,Others,Yes,No,No,No,No,No,No,No,No,No,,,No,No,No,No,No,No,No,No,No,No,No,No,No,No,No,No,,uuid:98a957fd-dcba-44d5-bd07-c38846dc071e,
SNNP,Sidama,186,Hawassa  town,7,38,21,uuid:98b0782b-d3b6-49ed-a7b8-8c2cc00a20a0,10,16,2938,2141,2938,2141,5876,4282,weekly,"Other sectors (like: agriculture, water, etc)",Integrated with NTD,1,1,3,2,2,1,0,0,0,0,0,25,23,0,1,Yes,Yes,Yes,Yes partially,Yes,2nd largest value out of 5 year data,Yes,No,No,No,,,Monthly,Yes,Yes,Low supports from local organization and community,,,,,,,,,,,Yes,No,Yes,No,Yes,Yes,No,Yes,No,No,Yes,Yes,Yes,Yes,Yes,No,Yes,Yes,No,uuid:98b0782b-d3b6-49ed-a7b8-8c2cc00a20a0,
SNNP,Kembata Timbaro,159,Durame Town,7,38,5,uuid:99af1c6a-b090-4b13-b14c-3b9540ba0675,3,0,61,32,61,32,122,64,quarterly,Schools,Integrated with NTD,4,1,1,1,1,,,,,,,,,,,Yes,No,No,No,No,Not developed,No,No,No,No,,,Quarterly,Yes,Yes,Others,,,,,,,,,,,Yes,No,No,No,Yes,Yes,No,No,No,No,No,No,No,No,No,No,No,No,No,uuid:99af1c6a-b090-4b13-b14c-3b9540ba0675,
Tigray,South East,123,Degua Temben,14,39,5,uuid:9c78d051-bacf-44cd-8e44-bd2903f61022,6,24,769,1217,769,1217,1538,2434,weekly,Schools,Under PHEM,20,1,0,0,0,1,1,1,1,1,0,0,0,0,0,Yes,Yes,Yes,No,Yes,Dubling method,Yes,Yes,No,Yes,Yes,≤ 4 weeks but > 3weeks,Annually,No,Yes,Low supports from local organization and community,,,,,,,,,,,,,No,No,No,No,No,No,No,No,No,No,No,No,No,No,No,No,,uuid:9c78d051-bacf-44cd-8e44-bd2903f61022,
Oromiya,Arsi,48,SUDE-WEREDA,8,40,5,uuid:9dfb7c61-5baf-4688-8e3f-35868b36cde3,5,30,8,4,8,4,16,8,annually,"Health facilites (hospital, hc, hps)",Separate case team,2,1,2,1,1,,,,,,,,,,,Yes,Yes,Yes,Yes partially,No,Not developed,Yes,Yes,No,No,,,Monthly,Yes,No,Others,Yes,Yes,No,No,No,No,No,No,No,No,,,No,No,No,No,No,No,No,No,No,No,No,No,No,No,No,No,,uuid:9dfb7c61-5baf-4688-8e3f-35868b36cde3,
Oromiya,Arsi,36,GUNA-WEREDA,8,40,5,uuid:9e132173-d55e-47fe-b638-ed947778cdac,3,17,1,0,1,0,2,0,Never,No collaboration,Integrated with NTD,2,0,1,1,1,,,,,,,,,,,No,No,No,No,No,Not developed,No,No,No,No,,,,No,No,Low supports from local organization and community,No,No,No,No,No,No,No,No,No,No,,,No,No,No,No,No,No,No,No,No,No,No,No,No,No,No,No,,uuid:9e132173-d55e-47fe-b638-ed947778cdac,
Tigray,Central Tigray,100,Kola Temben,14,39,5,uuid:9fe386e6-1b7b-49f1-9fb5-e9df97f1f9de,8,24,3218,5333,3218,5333,6436,10666,weekly,Schools,Under PHEM,10,0,1,1,1,2,0,0,0,0,0,0,0,0,0,Yes,Yes,Yes,Yes partially,Yes,2nd largest value out of 5 year data,No,Yes,No,Yes,Yes,<= 1 week,Quarterly,Yes,Yes,Few collaborating partners on malaria BCC,,,,,,,,,,,,,No,No,No,No,No,No,No,No,No,No,No,No,No,No,No,No,,uuid:9fe386e6-1b7b-49f1-9fb5-e9df97f1f9de,
Tigray,Eastern Tigray,110,Atsbi Wonberta,14,40,4,uuid:a160554b-9948-4a88-9c6a-7c494ee17465,4,15,272,448,272,448,544,896,quarterly,"Other sectors (like: agriculture, water, etc)",Under PHEM,13,1,1,1,1,0,1,1,1,1,0,1,1,0,0,Yes,Yes,Yes,No,Yes,Dubling method,Yes,Yes,No,Yes,Yes,<= 1 week,Quarterly,Yes,Yes,Few collaborating partners on malaria BCC,Yes,No,No,No,No,No,No,No,No,Yes,,,No,No,No,No,No,No,No,No,No,No,No,No,No,No,No,No,,uuid:a160554b-9948-4a88-9c6a-7c494ee17465,
Tigray,Central Tigray,96,Ahiferom,14,39,5,uuid:a18e8179-8b9a-43b6-9703-f39b520e89b1,6,22,4973,5514,4973,5514,9946,11028,weekly,Schools,Under PHEM,9,0,1,1,1,0,0,0,0,1,0,0,0,0,0,Yes,No,No,No,Yes,Dubling method,No,Yes,Yes,Yes,Yes,<= 1 week,Monthly,Yes,Yes,Low supports from local organization and community,,,,,,,,,,,,,No,No,No,No,No,No,No,No,No,No,No,No,No,No,No,No,,uuid:a18e8179-8b9a-43b6-9703-f39b520e89b1,
Oromiya,Arsi,44,SERU-WEREDA,8,40,5,uuid:a1b4bc54-bd43-4e58-b418-098d894a5e4c,2,15,156,99,156,99,312,198,Never,"Health facilites (hospital, hc, hps)",Integrated with NTD,4,1,1,1,1,,,,,,,,,,,Yes,No,No,No,No,Not developed,No,Yes,No,No,,,Monthly,Yes,No,Low supports from local organization and community,,,,,,,,,,,Yes,No,Yes,Yes,Yes,No,No,Yes,No,No,Yes,No,Yes,No,Yes,No,Yes,Yes,No,uuid:a1b4bc54-bd43-4e58-b418-098d894a5e4c,
SNNP,Hadiya,146,Gibe,8,38,3,uuid:a33d09b8-4bfc-4423-9808-c6fcd7ba1d92,3,21,496,158,496,158,992,316,weekly,No collaboration,Integrated with NTD,6,1,2,2,1,,,,,,,,,,,Yes,No,No,No,Yes,Other method,Yes,Yes,No,No,,,Monthly,Yes,No,Others,No,No,No,No,No,No,No,No,No,No,Yes,Yes,No,No,No,No,No,No,No,No,No,No,Yes,Yes,Yes,Yes,Yes,Yes,No,uuid:a33d09b8-4bfc-4423-9808-c6fcd7ba1d92,
SNNP,Silitie,203,Werabe Town,8,38,5,uuid:a4005321-37a6-480d-b473-7a454773d81f,1,2,25,25,25,25,50,50,monthly,Schools,Focal person,2,1,0,1,1,,,,,,,,,,,No,No,Yes,Yes totally,Yes,2nd largest value out of 5 year data,Yes,Yes,No,Yes,Yes,≤ 3 weeks but > 2weeks,Monthly,Yes,Yes,Others,,,,,,,,,,,,,No,No,No,No,No,No,No,No,No,No,No,No,No,No,No,No,,uuid:a4005321-37a6-480d-b473-7a454773d81f,
Amhara,North Shewa,245,Efrata,10,40,3,uuid:a428aaf2-9d7f-4847-9462-c1108547fef2,7,24,290,554,290,554,580,1108,weekly,Schools,Under PHEM,2,1,0,1,0,0,0,0,0,0,0,0,0,0,1,Yes,No,Yes,Yes partially,Yes,Dubling method,Yes,Yes,Yes,Yes,Yes,<= 1 week,Monthly,Yes,Yes,Low commitment of leadership,,,,,,,,,,,,,No,No,No,No,No,No,No,No,No,No,No,No,No,No,No,No,,uuid:a428aaf2-9d7f-4847-9462-c1108547fef2,
Amhara,North Wollo,207,Gubalaftu,12,40,5,uuid:a4f0ca06-d156-4c18-985e-7e5ceac8ba40,9,39,679,535,679,535,1358,1070,monthly,Private sectors,Under PHEM,1,1,0,1,0,,,,,,,,,,,No,No,Yes,Yes totally,Yes,2nd largest value out of 5 year data,Yes,Yes,No,Yes,Yes,<= 1 week,Monthly,Yes,Yes,Few collaborating partners on malaria BCC,,,,,,,,,,,Yes,Yes,Yes,Yes,No,No,No,Yes,Yes,Yes,Yes,No,Yes,No,Yes,Yes,Yes,Yes,No,uuid:a4f0ca06-d156-4c18-985e-7e5ceac8ba40,
Oromiya,West Hararge,63,HABRO-WEREDA,9,41,5,uuid:a52a01fb-41a7-4980-ad0b-ad8dc18bd5f8,7,32,39,31,39,31,78,62,quarterly,"Other sectors (like: agriculture, water, etc)",Focal person,1,1,2,1,1,0,0,0,0,4,0,0,0,0,0,No,Yes,Yes,No,Yes,2nd largest value out of 5 year data,No,No,No,Yes,Yes,≤ 4 weeks but > 3weeks,,No,No,Low supports from local organization and community,No,No,No,No,No,No,No,No,No,No,Yes,Yes,Yes,Yes,Yes,Yes,Yes,Yes,Yes,No,Yes,Yes,Yes,No,No,Yes,Yes,Yes,No,uuid:a52a01fb-41a7-4980-ad0b-ad8dc18bd5f8,
Amhara,North Wollo,208,Habru,12,40,5,uuid:aa9620ab-fd13-47b9-9339-223ac85e1ed8,7,45,1162,560,1162,560,2324,1120,monthly,Schools,Focal person,2,1,0,1,0,,,,,,,,,,,Yes,Yes,Yes,Yes partially,Yes,2nd largest value out of 5 year data,Yes,Yes,No,Yes,Yes,<= 1 week,Quarterly,Yes,Yes,Low supports from local organization and community,Yes,No,No,No,No,No,No,No,No,Yes,Yes,No,Yes,Yes,No,No,No,Yes,Yes,Yes,No,No,No,No,Yes,Yes,No,Yes,No,uuid:aa9620ab-fd13-47b9-9339-223ac85e1ed8,
SNNP,Gedeo,189,Kochore,6,38,5,uuid:ac7f1e32-23f5-468f-bce4-c637db9a780b,6,23,286,133,286,133,572,266,annually,Private sectors,Under PHEM,0,1,0,0,0,,,,,,,,,,,Yes,Yes,No,No,Yes,Dubling method,No,Yes,No,No,,,Quarterly,Yes,Yes,Low supports from local organization and community,,,,,,,,,,,,,No,No,No,No,No,No,No,No,No,No,No,No,No,No,No,No,,uuid:ac7f1e32-23f5-468f-bce4-c637db9a780b,
SNNP,Sidama,182,Dara,6,38,4,uuid:ad126816-834f-4635-8888-5c898f10be08,6,36,176,126,176,126,352,252,monthly,"Other sectors (like: agriculture, water, etc)",Separate case team,18,1,2,1,1,0,1,1,0,1,0,0,0,0,0,Yes,Yes,Yes,Yes totally,Yes,Dubling method,No,No,No,Yes,Yes,≤ 4 weeks but > 3weeks,Monthly,Yes,Yes,Few collaborating partners on malaria BCC,,,,,,,,,,,Yes,No,No,No,No,No,No,No,No,Yes,Yes,Yes,Yes,No,Yes,Yes,No,No,No,uuid:ad126816-834f-4635-8888-5c898f10be08,
Amhara,North Shewa,241,Asagirt,9,40,5,uuid:ad91ad42-5e89-49ac-9321-baf9b6f580f4,3,14,1,1,1,1,2,2,monthly,"Other sectors (like: agriculture, water, etc)",Under PHEM,1,1,2,1,2,,,,,,,,,,,No,No,No,Yes totally,Yes,Other method,No,No,Yes,Yes,Yes,≤ 4 weeks but > 3weeks,Monthly,Yes,No,Low supports from local organization and community,,,,,,,,,,,,,No,No,No,No,No,No,No,No,No,No,No,No,No,No,No,No,,uuid:ad91ad42-5e89-49ac-9321-baf9b6f580f4,
Oromiya,East Hararge,81,GURSUM-WEREDA,9,42,4,uuid:adec1d1a-105a-4942-857f-e32941f56d12,7,42,171,72,171,72,342,144,weekly,Schools,Focal person,1,1,1,1,1,,,,,,,,,,,Yes,Yes,Yes,Yes partially,Yes,2nd largest value out of 5 year data,No,No,No,Yes,No,≤ 4 weeks but > 3weeks,Monthly,Yes,Yes,Low supports from local organization and community,Yes,No,No,No,No,No,No,No,No,No,Yes,Yes,Yes,Yes,No,No,Yes,Yes,Yes,No,Yes,Yes,Yes,No,Yes,Yes,Yes,Yes,No,uuid:adec1d1a-105a-4942-857f-e32941f56d12,
Amhara,North Shewa,249,Kewot,10,40,5,uuid:b3f310cd-c1f6-442d-8a72-034c7ca8d8f1,3,20,1021,622,1021,622,2042,1244,Never,No collaboration,Under PHEM,15,1,1,1,1,,,,,,,,,,,Yes,No,Yes,Yes totally,Yes,Dubling method,Yes,No,Yes,Yes,Yes,<= 1 week,Monthly,Yes,Yes,Low commitment of leadership,,,,,,,,,,,,,No,No,No,No,No,No,No,No,No,No,No,No,No,No,No,No,,uuid:b3f310cd-c1f6-442d-8a72-034c7ca8d8f1,
Amhara,North Wollo,213,Raya Kobo,12,40,4,uuid:b546a256-5a1d-43c7-b525-bdd5a0629a23,12,44,2690,2488,2690,2488,5380,4976,monthly,"Health facilites (hospital, hc, hps)",Under PHEM,5,1,2,1,1,,,,,,,,,,,Yes,No,No,Yes totally,Yes,Dubling method,Yes,Yes,Yes,Yes,Yes,Other,,Yes,Yes,Low commitment of leadership,Yes,No,No,No,No,No,No,No,No,No,Yes,Yes,Yes,No,No,No,Yes,No,No,No,No,No,No,No,No,No,Yes,Yes,No,uuid:b546a256-5a1d-43c7-b525-bdd5a0629a23,
Oromiya,East Hararge,74,DEDER TOWN,9,41,5,uuid:b55805da-01d8-468f-8eda-88a7a766d7bc,1,0,0,0,0,0,0,0,monthly,No collaboration,Integrated with NTD,3,3,1,1,1,,,,,,,,,,,No,No,No,Yes totally,No,Not developed,No,No,No,No,,,,No,No,Others,No,No,No,No,No,No,No,No,No,No,Yes,No,No,No,No,No,No,No,No,No,No,No,No,No,No,No,No,No,Yes,uuid:b55805da-01d8-468f-8eda-88a7a766d7bc,
Amhara,South Wolo,237,Woreillu,11,39,5,uuid:b65f2611-d45c-40af-bd3a-f309acdef71b,5,20,70,77,70,77,140,154,biweekly,No collaboration,Focal person,4,1,1,1,1,,,,,,,,,,,No,No,Yes,Yes totally,Yes,2nd largest value out of 5 year data,Yes,Yes,No,Yes,Yes,<= 1 week,Monthly,Yes,No,Others,Yes,No,No,No,No,No,No,No,No,No,,,No,No,No,No,No,No,No,No,No,No,No,No,No,No,No,No,,uuid:b65f2611-d45c-40af-bd3a-f309acdef71b,
SNNP,Gurage,138,Mhur Aklil,8,38,5,uuid:b72940d4-467e-4f19-b863-e23b930d38d9,5,29,894,332,894,332,1788,664,biweekly,Schools,Integrated with NTD,4,1,1,1,1,,,,,,,,,,,No,No,Yes,Yes totally,Yes,Other method,Yes,Yes,No,Yes,Yes,<= 1 week,Monthly,Yes,No,Low supports from local organization and community,Yes,No,No,No,No,No,No,No,No,No,Yes,No,No,Yes,No,No,Yes,No,No,No,No,No,Yes,No,Yes,Yes,Yes,Yes,No,uuid:b72940d4-467e-4f19-b863-e23b930d38d9,
Amhara,North Shewa,244,D/Berhan,10,40,5,uuid:b7b04f81-c564-44e2-ae4f-c27002fd416c,3,4,19,24,19,24,38,48,Never,No collaboration,Under PHEM,1,1,0,0,0,,,,,,,,,,,No,No,No,No,No,Not developed,No,No,No,No,,,Monthly,Yes,Yes,Few collaborating partners on malaria BCC,,,,,,,,,,,,,No,No,No,No,No,No,No,No,No,No,No,No,No,No,No,No,,uuid:b7b04f81-c564-44e2-ae4f-c27002fd416c,
SNNP,Sidama,183,Aleta wondo town,7,38,5,uuid:b7b4e5b7-d3d1-4369-98e5-ff55457c5337,0,0,0,0,0,0,0,0,monthly,No collaboration,Under PHEM,8,1,0,1,1,1,1,1,1,1,0,0,0,0,0,Yes,Yes,Yes,Yes totally,No,Not developed,No,No,No,Yes,Yes,≤ 4 weeks but > 3weeks,Monthly,Yes,Yes,Few collaborating partners on malaria BCC,,,,,,,,,,,Yes,No,No,No,No,No,No,Yes,No,No,No,Yes,No,Yes,No,No,No,Yes,No,uuid:b7b4e5b7-d3d1-4369-98e5-ff55457c5337,
Amhara,South Wolo,228,Legambo,11,39,5,uuid:ba1416e0-ff4d-42a5-a8e1-703daf8abb7c,9,35,166,73,166,73,332,146,Never,No collaboration,Focal person,4,1,1,1,1,,,,,,,,,,,No,No,Yes,Yes totally,Yes,2nd largest value out of 5 year data,Yes,Yes,Yes,Yes,Yes,<= 1 week,,Yes,No,Others,,,,,,,,,,,Yes,Yes,Yes,Yes,Yes,Yes,Yes,Yes,Yes,Yes,Yes,Yes,Yes,Yes,Yes,Yes,Yes,Yes,No,uuid:ba1416e0-ff4d-42a5-a8e1-703daf8abb7c,
Oromiya,Arsi,42,MUNESA-WEREDA,8,39,9,uuid:ba589473-95e9-4527-b124-33f162ac5a46,7,36,19,6,19,6,38,12,annually,"Health facilites (hospital, hc, hps)",Integrated with NTD,1,1,0,1,1,,,,,,,,,,,Yes,No,No,Yes partially,No,Not developed,No,No,No,No,,,Monthly,No,Yes,Low supports from local organization and community,Yes,No,No,No,No,No,No,No,No,No,Yes,No,Yes,Yes,Yes,Yes,Yes,Yes,Yes,Yes,Yes,Yes,Yes,Yes,Yes,Yes,Yes,Yes,No,uuid:ba589473-95e9-4527-b124-33f162ac5a46,
SNNP,Hadiya,151,Misha,8,38,5,uuid:ba69b565-995b-491b-9ada-be96d3518c89,7,37,116,116,116,116,232,232,monthly,No collaboration,Integrated with NTD,10,1,2,1,2,,,,,,,,,,,Yes,No,No,No,No,Not developed,Yes,Yes,No,No,,,Monthly,Yes,No,Others,Yes,No,No,No,No,No,No,No,No,Yes,Yes,No,Yes,Yes,No,No,No,Yes,No,No,Yes,Yes,No,Yes,Yes,Yes,Yes,Yes,No,uuid:ba69b565-995b-491b-9ada-be96d3518c89,
Amhara,South Wolo,220,Borena,11,39,5,uuid:bb444bd5-214b-44d5-83d2-d60b789203dd,7,35,1395,1260,1395,1260,2790,2520,monthly,Others,Focal person,3,1,3,1,1,1,0,0,0,0,1,3,0,0,1,Yes,No,Yes,Yes totally,No,Not developed,Yes,Yes,No,No,,,Monthly,Yes,No,Low commitment of leadership,,,,,,,,,,,Yes,No,No,No,No,No,No,Yes,No,No,Yes,No,Yes,No,Yes,No,No,Yes,No,uuid:bb444bd5-214b-44d5-83d2-d60b789203dd,
SNNP,Gurage,129,Sodo,8,39,5,uuid:bc7f940b-c0cc-4d19-9ab2-8f4fffbcfaf4,8,50,249,163,249,163,498,326,monthly,No collaboration,Focal person,3,1,1,1,1,0,1,0,0,0,0,0,0,0,1,Yes,No,No,No,Yes,2nd largest value out of 5 year data,No,No,No,No,,,Monthly,Yes,No,Low supports from local organization and community,Yes,No,No,No,No,No,No,No,No,No,Yes,No,No,Yes,No,No,Yes,Yes,No,No,No,No,No,Yes,Yes,No,No,Yes,No,uuid:bc7f940b-c0cc-4d19-9ab2-8f4fffbcfaf4,
Amhara,North Wollo,206,Gedan,12,39,5,uuid:bd2cce6e-2730-480c-b173-f3e996b67593,6,20,21,43,21,43,42,86,weekly,No collaboration,Under PHEM,1,1,2,1,1,1,1,1,1,0,0,1,1,1,0,Yes,No,No,No,Yes,Dubling method,No,No,No,Yes,Yes,<= 1 week,Monthly,Yes,No,Few collaborating partners on malaria BCC,,,,,,,,,,,,,No,No,No,No,No,No,No,No,No,No,No,No,No,No,No,No,,uuid:bd2cce6e-2730-480c-b173-f3e996b67593,
Oromiya,West Hararge,58,DARO LEBU-WEREDA,9,40,4,uuid:bde5e566-d178-4b21-a4c7-89071d1eafb9,6,36,261,237,261,237,522,474,weekly,Schools,Integrated with NTD,4,0,0,1,1,0,0,0,0,2,0,0,2,1,0,No,No,Yes,No,Yes,2nd largest value out of 5 year data,No,Yes,Yes,Yes,Yes,≤ 3 weeks but > 2weeks,,No,No,Few collaborating partners on malaria BCC,,,,,,,,,,,Yes,No,No,No,No,No,No,Yes,No,No,No,Yes,No,No,No,Yes,Yes,Yes,No,uuid:bde5e566-d178-4b21-a4c7-89071d1eafb9,
SNNP,Hadiya,143,Mirab badewacho,7,38,5,uuid:bf812bcb-c8a6-4598-9c4a-eba591884956,4,22,1539,1321,1539,1321,3078,2642,monthly,No collaboration,Integrated with NTD,1,0,0,1,2,1,0,0,0,0,0,0,0,0,0,No,No,No,Yes partially,Yes,2nd largest value out of 5 year data,No,No,No,Yes,Yes,≤ 4 weeks but > 3weeks,Monthly,Yes,Yes,Low supports from local organization and community,,,,,,,,,,,,,No,No,No,No,No,No,No,No,No,No,No,No,No,No,No,No,,uuid:bf812bcb-c8a6-4598-9c4a-eba591884956,
SNNP,Gurage,135,Enemor Ener,8,38,5,uuid:c0b33af1-4b5f-44cc-becc-17d36674487b,9,66,1829,523,1829,523,3658,1046,weekly,Local NGOs,Under PHEM,4,1,1,1,1,,,,,,,,,,,Yes,Yes,Yes,No,Yes,2nd largest value out of 5 year data,Yes,Yes,No,Yes,Yes,≤ 2 weeks but > 1week,Monthly,Yes,No,Low supports from local organization and community,Yes,No,Yes,No,No,No,No,No,No,No,,,No,No,No,No,No,No,No,No,No,No,No,No,No,No,No,No,,uuid:c0b33af1-4b5f-44cc-becc-17d36674487b,
Amhara,South Wolo,222,Dessiezuria,11,40,5,uuid:c13b0535-d30c-43d0-8006-822ebed3d2f7,8,31,28,36,28,36,56,72,quarterly,No collaboration,Under PHEM,2,2,3,2,1,,,,,,,,,,,Yes,Yes,No,Yes partially,Yes,2nd largest value out of 5 year data,No,No,No,Yes,Yes,Other,Monthly,Yes,Yes,Others,,,,,,,,,,,,,No,No,No,No,No,No,No,No,No,No,No,No,No,No,No,No,,uuid:c13b0535-d30c-43d0-8006-822ebed3d2f7,
Oromiya,West Hararge,68,TULO-WEREDA,9,41,5,uuid:c16153c6-9241-4482-8e3c-b44a96a5e663,7,30,14,18,14,18,28,36,quarterly,Local NGOs,Focal person,1,1,2,1,1,1,0,3,0,3,0,0,1,3,0,No,Yes,No,No,Yes,2nd largest value out of 5 year data,No,Yes,No,Yes,Yes,<= 1 week,Quarterly,Yes,No,Others,No,No,No,No,No,No,No,No,No,No,Yes,No,No,No,No,No,No,Yes,No,No,No,No,No,Yes,No,No,No,No,No,uuid:c16153c6-9241-4482-8e3c-b44a96a5e663,
Tigray,Central Tigray,103,Adwa Town,14,39,5,uuid:c3895b66-a127-45a0-89c9-4e42e3e5e86e,3,0,758,784,758,784,1516,1568,weekly,Schools,Under PHEM,7,0,0,1,1,,,,,,,,,,,Yes,No,No,Yes partially,Yes,2nd largest value out of 5 year data,No,Yes,No,Yes,Yes,≤ 3 weeks but > 2weeks,Monthly,Yes,No,Low supports from local organization and community,,,,,,,,,,,,,No,No,No,No,No,No,No,No,No,No,No,No,No,No,No,No,,uuid:c3895b66-a127-45a0-89c9-4e42e3e5e86e,
SNNP,Hadiya,145,Soro,7,38,5,uuid:c3e970a4-d18d-441c-8e98-b3f682886239,9,49,5377,1077,5377,1077,10754,2154,Never,No collaboration,Integrated with NTD,1,1,0,1,1,,,,,,,,,,,No,No,No,No,No,Not developed,No,No,No,No,,,,Yes,No,Low supports from local organization and community,,,,,,,,,,,,,No,No,No,No,No,No,No,No,No,No,No,No,No,No,No,No,,uuid:c3e970a4-d18d-441c-8e98-b3f682886239,
Tigray,Eastern Tigray,112,Erop,15,40,5,uuid:c4bee648-8e2b-40d7-ab00-ff687bcf9db3,5,10,130,510,130,510,260,1020,monthly,Schools,Under PHEM,12,0,1,1,1,,,,,,,,,,,Yes,No,Yes,Yes totally,Yes,Dubling method,Yes,Yes,Yes,Yes,Yes,<= 1 week,Quarterly,Yes,Yes,Few collaborating partners on malaria BCC,,,,,,,,,,,Yes,No,Yes,No,No,No,No,Yes,No,No,Yes,No,No,Yes,No,No,No,No,No,uuid:c4bee648-8e2b-40d7-ab00-ff687bcf9db3,
Tigray,South Tigray,117,Ofla,13,40,5,uuid:c58ea2dd-d6ae-479b-8a48-880ec794db59,6,23,138,211,138,211,276,422,monthly,Schools,Focal person,1,1,0,0,0,,,,,,,,,,,Yes,No,Yes,Yes partially,Yes,2nd largest value out of 5 year data,Yes,Yes,No,Yes,Yes,≤ 4 weeks but > 3weeks,Quarterly,Yes,Yes,Low supports from local organization and community,,,,,,,,,,,,,No,No,No,No,No,No,No,No,No,No,No,No,No,No,No,No,,uuid:c58ea2dd-d6ae-479b-8a48-880ec794db59,
Amhara,South Wolo,224,Kallu,11,40,4,uuid:c6c23ba5-0ec3-4db9-a980-ac385ab34f9d,9,30,1508,1604,1508,1604,3016,3208,weekly,No collaboration,Under PHEM,1,1,2,0,1,,,,,,,,,,,Yes,Yes,Yes,Yes partially,Yes,Dubling method,No,No,No,Yes,Yes,Other,Monthly,Yes,Yes,Low commitment of leadership,,,,,,,,,,,Yes,No,No,No,No,No,No,Yes,No,No,Yes,Yes,No,Yes,No,No,No,No,No,uuid:c6c23ba5-0ec3-4db9-a980-ac385ab34f9d,
SNNP,Gurage,137,Eza,8,38,5,uuid:c8299603-4db7-4694-b431-d7b5aa966892,5,28,2001,997,2001,997,4002,1994,weekly,Schools,Integrated with NTD,1,1,1,1,1,,,,,,,,,,,Yes,Yes,Yes,Yes partially,Yes,Dubling method,Yes,No,No,Yes,Yes,<= 1 week,Monthly,Yes,Yes,Low supports from local organization and community,Yes,Yes,No,No,No,No,No,No,No,Yes,Yes,No,Yes,Yes,No,No,No,No,No,No,No,Yes,Yes,No,No,Yes,Yes,Yes,No,uuid:c8299603-4db7-4694-b431-d7b5aa966892,
SNNP,Gedeo,191,Yirgacheffe woreda,6,38,5,uuid:c83aebef-3261-406a-81ed-4762e2324bdb,7,0,256,92,256,92,512,184,quarterly,Schools,Integrated with NTD,8,1,2,1,1,1,0,0,0,1,0,0,0,0,0,Yes,No,No,Yes partially,No,Not developed,Yes,Yes,No,No,,,Quarterly,Yes,No,Low supports from local organization and community,,,,,,,,,,,Yes,No,Yes,Yes,No,No,No,Yes,Yes,Yes,Yes,Yes,Yes,Yes,No,Yes,No,No,No,uuid:c83aebef-3261-406a-81ed-4762e2324bdb,
Amhara,North Wollo,212,Mekiet,12,39,5,uuid:c93ffbda-14d3-49dc-8e57-651d447f0feb,8,43,217,139,217,139,434,278,monthly,Local NGOs,Separate case team,16,1,1,1,1,0,0,0,0,0,0,1,0,0,0,Yes,No,No,Yes partially,Yes,Dubling method,Yes,Yes,Yes,Yes,Yes,<= 1 week,Monthly,Yes,Yes,Low supports from local organization and community,,,,,,,,,,,Yes,Yes,Yes,Yes,Yes,No,Yes,Yes,Yes,No,No,No,No,No,No,No,No,No,No,uuid:c93ffbda-14d3-49dc-8e57-651d447f0feb,
Amhara,North Shewa,256,Minjar,9,39,3,uuid:c99f814b-f0b9-40ff-a6d7-f5dc62178388,5,29,590,461,590,461,1180,922,weekly,"Other sectors (like: agriculture, water, etc)",Under PHEM,3,1,2,1,1,1,1,3,3,0,0,0,0,0,0,Yes,No,No,Yes totally,No,Not developed,No,No,No,Yes,Yes,Other,Monthly,Yes,Yes,Low supports from local organization and community,,,,,,,,,,,Yes,No,No,No,No,No,No,Yes,No,No,No,No,No,Yes,No,No,No,No,No,uuid:c99f814b-f0b9-40ff-a6d7-f5dc62178388,
SNNP,Gurage,133,Kebena,8,38,5,uuid:c9bc48e9-9199-4c19-af8d-0a75c708949c,3,23,1024,996,1024,996,2048,1992,weekly,Schools,Integrated with NTD,4,1,1,1,1,1,0,0,0,0,0,2,0,0,0,Yes,Yes,Yes,No,Yes,2nd largest value out of 5 year data,No,Yes,No,Yes,Yes,<= 1 week,Monthly,Yes,Yes,Lack of funding,,,,,,,,,,,,,No,No,No,No,No,No,No,No,No,No,No,No,No,No,No,No,,uuid:c9bc48e9-9199-4c19-af8d-0a75c708949c,
Amhara,North Shewa,261,Tarmaber,10,40,5,uuid:ce23c017-cc48-4443-8d39-5a1a2051eeeb,4,19,1,38,1,38,2,76,monthly,"Health facilites (hospital, hc, hps)",Under PHEM,1,1,1,1,1,,,,,,,,,,,No,No,No,Yes totally,No,Not developed,No,No,No,No,,,Monthly,Yes,Yes,Few collaborating partners on malaria BCC,No,No,No,No,No,No,No,No,No,No,,,No,No,No,No,No,No,No,No,No,No,No,No,No,No,No,No,,uuid:ce23c017-cc48-4443-8d39-5a1a2051eeeb,
SNNP,Gurage,131,Gedebano G/W,8,38,5,uuid:d1d70fd1-1bbc-4322-a55a-f1299455621d,6,28,242,148,242,148,484,296,quarterly,No collaboration,Under PHEM,3,0,1,1,1,,,,,,,,,,,Yes,No,No,No,No,Not developed,No,No,No,No,,,Quarterly,Yes,No,Low commitment of leadership,,,,,,,,,,,Yes,No,No,No,No,No,No,Yes,No,No,No,No,Yes,Yes,Yes,No,No,Yes,No,uuid:d1d70fd1-1bbc-4322-a55a-f1299455621d,
Amhara,South Wolo,232,Sayint,11,39,5,uuid:d2022d1f-b66e-4ccd-8017-674593dcf18f,7,5,0,143,0,143,0,286,monthly,No collaboration,Focal person,1,1,2,1,1,,,,,,,,,,,No,No,Yes,No,Yes,Dubling method,No,Yes,No,No,,,Quarterly,Yes,Yes,Low commitment of leadership,Yes,No,No,No,No,No,No,No,No,No,Yes,No,No,No,No,No,No,Yes,No,Yes,No,No,No,No,No,No,No,No,No,uuid:d2022d1f-b66e-4ccd-8017-674593dcf18f,
Tigray,South Tigray,116,Endamehone,13,40,5,uuid:d2c27960-b494-47a2-893a-050fd85eb1b5,4,16,33,23,33,23,66,46,monthly,Schools,Under PHEM,1,1,1,1,1,,,,,,,,,,,Yes,Yes,Yes,No,Yes,Dubling method,Yes,Yes,No,Yes,Yes,≤ 3 weeks but > 2weeks,Monthly,Yes,Yes,Low supports from local organization and community,No,No,No,No,No,No,No,No,No,No,,,No,No,No,No,No,No,No,No,No,No,No,No,No,No,No,No,,uuid:d2c27960-b494-47a2-893a-050fd85eb1b5,
Oromiya,Arsi,32,DIGELUNA TIJO-WEREDA,8,39,4,uuid:d2efc7f0-8560-4830-9eca-1106f2ce5ba7,5,23,0,0,0,0,0,0,Never,No collaboration,Others,0,0,0,0,0,,,,,,,,,,,No,No,No,No,No,Not developed,No,Yes,No,No,,,,Yes,No,Others,No,No,No,No,No,No,No,No,No,No,,,No,No,No,No,No,No,No,No,No,No,No,No,No,No,No,No,,uuid:d2efc7f0-8560-4830-9eca-1106f2ce5ba7,
Oromiya,East Hararge,80,GORO MUTI,9,42,3,uuid:d325721b-b65c-4127-8ba8-9580f030b1ef,4,14,0,0,0,0,0,0,biweekly,Private health facilites,Integrated with NTD,3,1,0,1,1,1,1,1,1,0,0,0,0,0,0,Yes,No,No,Yes partially,No,Not developed,No,No,No,Yes,No,Other,,No,No,Low commitment of leadership,No,No,No,No,No,No,No,No,No,No,,,No,No,No,No,No,No,No,No,No,No,No,No,No,No,No,No,,uuid:d325721b-b65c-4127-8ba8-9580f030b1ef,
Tigray,Eastern Tigray,108,Hawzen,14,39,5,uuid:d3bf9c38-454f-4554-90b9-49af71473df1,4,17,431,1739,431,1739,862,3478,monthly,"Other sectors (like: agriculture, water, etc)",Under PHEM,8,1,1,1,1,0,1,1,0,0,0,1,0,0,0,Yes,Yes,Yes,No,Yes,2nd largest value out of 5 year data,Yes,Yes,No,Yes,Yes,<= 1 week,Monthly,Yes,Yes,Others,No,No,No,No,No,No,No,No,No,No,,,No,No,No,No,No,No,No,No,No,No,No,No,No,No,No,No,,uuid:d3bf9c38-454f-4554-90b9-49af71473df1,
Amhara,North Shewa,255,Mida w.,10,39,5,uuid:d551d700-36ba-49c4-b873-b521dd93e181,5,20,770,855,770,855,1540,1710,weekly,Schools,Under PHEM,4,1,1,1,2,,,,,,,,,,,Yes,No,No,Yes partially,Yes,Dubling method,No,No,Yes,Yes,Yes,≤ 4 weeks but > 3weeks,Monthly,Yes,Yes,Low supports from local organization and community,,,,,,,,,,,,,No,No,No,No,No,No,No,No,No,No,No,No,No,No,No,No,,uuid:d551d700-36ba-49c4-b873-b521dd93e181,
Oromiya,Arsi,49,TENA-WEREDA,8,40,5,uuid:d7aab64d-4cc6-4b19-8a3d-6bb8c83aa9f0,4,11,30,17,30,17,60,34,Never,Private sectors,Integrated with NTD,1,1,1,1,1,,,,,,,,,,,Yes,No,No,No,No,Not developed,No,No,No,No,,,,Yes,Yes,Low supports from local organization and community,,,,,,,,,,,Yes,No,No,No,No,No,No,Yes,No,No,Yes,Yes,Yes,Yes,Yes,Yes,No,No,No,uuid:d7aab64d-4cc6-4b19-8a3d-6bb8c83aa9f0,
SNNP,Hadiya,142,Misrak badewacho,7,38,5,uuid:daf1c391-d300-4acd-aa55-8e533f8268a9,7,34,2682,2166,2682,2166,5364,4332,monthly,No collaboration,Integrated with NTD,1,1,1,1,1,0,1,0,1,0,0,2,1,0,0,Yes,No,No,Yes partially,No,Not developed,No,No,No,Yes,Yes,≤ 2 weeks but > 1week,Monthly,Yes,No,Low supports from local organization and community,,,,,,,,,,,,,No,No,No,No,No,No,No,No,No,No,No,No,No,No,No,No,,uuid:daf1c391-d300-4acd-aa55-8e533f8268a9,
Oromiya,East Hararge,75,DEDER-WEREDA,9,41,5,uuid:dbad8242-547f-43cc-8d5b-dcafe4ba53d4,8,42,56,70,56,70,112,140,quarterly,Private sectors,Integrated with NTD,3,0,0,0,0,,,,,,,,,,,Yes,Yes,Yes,Yes partially,Yes,2nd largest value out of 5 year data,No,No,No,Yes,Yes,<= 1 week,,Yes,No,Few collaborating partners on malaria BCC,,,,,,,,,,,Yes,No,No,No,No,No,No,Yes,No,No,Yes,Yes,Yes,No,No,No,Yes,Yes,No,uuid:dbad8242-547f-43cc-8d5b-dcafe4ba53d4,
Oromiya,East Hararge,85,KERSA-WEREDA,9,42,4,uuid:dbd53f50-557e-44a8-affc-061ea4d1023a,7,35,248,426,248,426,496,852,quarterly,Local NGOs,Integrated with NTD,2,1,1,1,0,,,,,,,,,,,Yes,Yes,Yes,Yes totally,Yes,2nd largest value out of 5 year data,No,No,No,Yes,Yes,<= 1 week,Quarterly,Yes,Yes,Lack of funding,Yes,No,No,No,No,No,No,No,No,No,Yes,No,Yes,No,No,No,No,No,No,No,No,No,No,No,No,No,No,No,No,uuid:dbd53f50-557e-44a8-affc-061ea4d1023a,
Oromiya,Arsi,33,DODOTA-WEREDA,8,39,5,uuid:dcb19261-6e7b-412d-a90e-7889f8a9057e,2,12,720,539,720,539,1440,1078,quarterly,Schools,Integrated with NTD,6,1,2,1,1,0,0,0,0,32,0,0,0,0,0,Yes,Yes,Yes,Yes partially,Yes,2nd largest value out of 5 year data,Yes,No,No,Yes,Yes,<= 1 week,Quarterly,Yes,No,Low supports from local organization and community,,,,,,,,,,,,,No,No,No,No,No,No,No,No,No,No,No,No,No,No,No,No,,uuid:dcb19261-6e7b-412d-a90e-7889f8a9057e,
Tigray,Central Tigray,101,Tanqua Abergele,13,39,5,uuid:de759e0b-5ca5-4427-9325-68d092a38edd,5,17,2328,5513,2328,5513,4656,11026,weekly,Association,Under PHEM,11,0,1,1,0,,,,,,,,,,,Yes,Yes,Yes,Yes partially,Yes,Dubling method,Yes,Yes,No,Yes,Yes,<= 1 week,Monthly,Yes,Yes,Low supports from local organization and community,Yes,No,No,No,No,No,No,No,No,No,,,No,No,No,No,No,No,No,No,No,No,No,No,No,No,No,No,,uuid:de759e0b-5ca5-4427-9325-68d092a38edd,
Tigray,Central Tigray,98,Tahitay Maychew,14,39,5,uuid:de8e602f-dc80-4218-ae35-f31085efb4c4,4,17,604,3268,604,3268,1208,6536,weekly,Others,Under PHEM,10,1,1,1,1,0,0,0,0,1,0,0,0,0,0,Yes,No,No,No,Yes,Dubling method,Yes,Yes,No,Yes,Yes,≤ 4 weeks but > 3weeks,Quarterly,Yes,No,Low supports from local organization and community,,,,,,,,,,,,,No,No,No,No,No,No,No,No,No,No,No,No,No,No,No,No,,uuid:de8e602f-dc80-4218-ae35-f31085efb4c4,
SNNP,Sidama,176,Malga,7,39,32,uuid:df3d9751-903c-442a-9714-f68eeb655bff,4,20,422,288,422,288,844,576,Never,No collaboration,Integrated with NTD,1,1,2,1,2,,,,,,,,,,,No,No,No,No,No,Not developed,Yes,Yes,No,No,,,,Yes,No,Low supports from local organization and community,No,No,No,No,No,No,No,No,No,No,Yes,Yes,Yes,Yes,Yes,Yes,Yes,Yes,Yes,Yes,Yes,Yes,Yes,Yes,Yes,Yes,Yes,Yes,No,uuid:df3d9751-903c-442a-9714-f68eeb655bff,
Tigray,South East,126,Seharti Samre,13,39,12,uuid:df611bd5-8993-4b04-b298-10ca42ca7c8b,7,21,2968,5002,2968,5002,5936,10004,weekly,Schools,Focal person,0,1,0,0,0,,,,,,,,,,,Yes,Yes,Yes,No,Yes,Dubling method,Yes,Yes,No,Yes,Yes,≤ 4 weeks but > 3weeks,Quarterly,Yes,Yes,Low supports from local organization and community,,,,,,,,,,,,,No,No,No,No,No,No,No,No,No,No,No,No,No,No,No,No,,uuid:df611bd5-8993-4b04-b298-10ca42ca7c8b,
Tigray,South Tigray,118,Maychew Town,13,40,5,uuid:e1de80e4-f3a8-4f47-8fd4-112c1097eb79,2,0,34,18,34,18,68,36,weekly,Association,Under PHEM,5,1,1,1,1,,,,,,,,,,,No,No,Yes,No,Yes,Dubling method,Yes,Yes,No,No,,,Quarterly,Yes,No,Others,Yes,No,No,No,No,No,No,No,No,No,,,No,No,No,No,No,No,No,No,No,No,No,No,No,No,No,No,,uuid:e1de80e4-f3a8-4f47-8fd4-112c1097eb79,
Tigray,Central Tigray,93,Adwa,14,39,5,uuid:e2b6eb5f-24e0-49fe-8394-973baffc4923,7,20,0,0,0,0,0,0,weekly,Association,Focal person,1,1,1,1,1,0,0,1,0,1,0,0,0,0,0,Yes,No,Yes,No,Yes,Dubling method,No,Yes,No,Yes,Yes,<= 1 week,Monthly,Yes,No,Low supports from local organization and community,,,,,,,,,,,,,No,No,No,No,No,No,No,No,No,No,No,No,No,No,No,No,,uuid:e2b6eb5f-24e0-49fe-8394-973baffc4923,
SNNP,Hadiya,149,Duna,7,38,5,uuid:e61ef9ce-2e4c-4e6d-8f59-bf38d9ab51a3,4,32,69,0,69,0,138,0,biweekly,No collaboration,Integrated with NTD,0,1,1,1,1,,,,,,,,,,,No,No,No,No,No,Not developed,No,No,No,No,,,,No,No,Low supports from local organization and community,,,,,,,,,,,,,No,No,No,No,No,No,No,No,No,No,No,No,No,No,No,No,,uuid:e61ef9ce-2e4c-4e6d-8f59-bf38d9ab51a3,
Oromiya,East Hararge,84,JARSO-WEREDA,9,42,4,uuid:e881d21f-201a-421a-b5b2-d0adfd80b7eb,5,21,124,57,124,57,248,114,monthly,Local NGOs,Integrated with NTD,4,1,1,1,0,,,,,,,,,,,No,Yes,Yes,Yes totally,Yes,2nd largest value out of 5 year data,No,No,No,Yes,Yes,<= 1 week,Quarterly,Yes,No,Low commitment of leadership,Yes,No,No,No,No,No,No,No,No,No,Yes,No,No,No,No,No,No,No,No,No,No,No,No,Yes,No,No,Yes,Yes,No,uuid:e881d21f-201a-421a-b5b2-d0adfd80b7eb,
SNNP,Silitie,198,MIRAB AZERNET BERBERE,8,38,5,uuid:eacd8fe3-a90a-40d4-85e7-a3da7791a7cd,,,0,0,0,0,0,0,,Schools,Integrated with NTD,6,1,2,1,2,2,0,0,0,0,0,2,1,0,0,No,,,No,,,,,,,,,,,No,Others,,,,,,,,,,,,,No,No,No,No,No,No,No,No,No,No,No,No,No,No,No,No,,uuid:eacd8fe3-a90a-40d4-85e7-a3da7791a7cd,
Tigray,Eastern Tigray,105,Gulo Meheda,14,39,5,uuid:eae91d03-c230-40b8-bd30-d262fbdcd41b,6,19,319,1237,319,1237,638,2474,monthly,"Other sectors (like: agriculture, water, etc)",Under PHEM,12,0,1,1,1,,,,,,,,,,,Yes,No,No,No,Yes,Dubling method,Yes,Yes,Yes,Yes,Yes,<= 1 week,Quarterly,Yes,Yes,Few collaborating partners on malaria BCC,,,,,,,,,,,Yes,No,No,No,No,No,No,Yes,No,No,No,No,No,No,No,No,No,No,No,uuid:eae91d03-c230-40b8-bd30-d262fbdcd41b,
Amhara,South Wolo,219,Argoba,11,40,5,uuid:eb000aa2-ee67-4a88-9372-8506a6d7031d,2,7,0,0,0,0,0,0,quarterly,Schools,Under PHEM,2,1,0,1,1,,,,,,,,,,,Yes,No,Yes,Yes partially,Yes,Dubling method,Yes,Yes,Yes,Yes,Yes,≤ 2 weeks but > 1week,Quarterly,Yes,Yes,Low commitment of leadership,,,,,,,,,,,Yes,No,Yes,Yes,No,No,Yes,No,No,No,No,Yes,Yes,No,No,No,No,No,No,uuid:eb000aa2-ee67-4a88-9372-8506a6d7031d,
SNNP,Gurage,134,Wolkite town,8,38,5,uuid:eb68d27b-8fbe-4a7c-b9b4-b0d96e3509df,1,0,4148,2129,4148,2129,8296,4258,weekly,Schools,Integrated with NTD,1,1,0,0,1,,,,,,,,,,,Yes,Yes,Yes,No,Yes,2nd largest value out of 5 year data,Yes,No,No,Yes,Yes,<= 1 week,Monthly,Yes,Yes,Low supports from local organization and community,,,,,,,,,,,,,No,No,No,No,No,No,No,No,No,No,No,No,No,No,No,No,,uuid:eb68d27b-8fbe-4a7c-b9b4-b0d96e3509df,
Amhara,South Wolo,234,Tenta,11,39,4,uuid:eb8e7db4-b6ec-4175-90df-6507d1981069,9,31,84,59,84,59,168,118,Never,No collaboration,Focal person,7,0,1,0,1,,,,,,,,,,,No,No,Yes,Yes totally,Yes,2nd largest value out of 5 year data,No,No,No,Yes,Yes,≤ 4 weeks but > 3weeks,Biannually (Twice in a year),Yes,Yes,Others,,,,,,,,,,,,,No,No,No,No,No,No,No,No,No,No,No,No,No,No,No,No,,uuid:eb8e7db4-b6ec-4175-90df-6507d1981069,
SNNP,Gedeo,190,Wonago,6,38,5,uuid:ecfc5b2b-f158-4044-8acb-e895d419acb1,6,20,634,257,634,257,1268,514,weekly,No collaboration,Integrated with NTD,1,1,1,2,1,,,,,,,,,,,No,No,No,No,No,Not developed,No,No,No,Yes,Yes,<= 1 week,Biannually (Twice in a year),No,No,Low supports from local organization and community,,,,,,,,,,,Yes,No,Yes,Yes,Yes,No,Yes,Yes,Yes,Yes,No,No,Yes,Yes,Yes,Yes,Yes,Yes,No,uuid:ecfc5b2b-f158-4044-8acb-e895d419acb1,
SNNP,Silitie,196,Siliti,8,38,5,uuid:ee4d8ce5-e613-4041-85fa-03ae11f7d342,6,42,479,472,479,472,958,944,monthly,Others,Integrated with NTD,1,1,1,1,2,1,0,0,0,0,0,75,0,0,0,Yes,Yes,Yes,No,Yes,2nd largest value out of 5 year data,Yes,Yes,No,Yes,Yes,≤ 2 weeks but > 1week,Monthly,Yes,Yes,Low supports from local organization and community,,,,,,,,,,,Yes,No,Yes,Yes,No,No,Yes,Yes,No,No,No,Yes,No,Yes,Yes,Yes,Yes,Yes,No,uuid:ee4d8ce5-e613-4041-85fa-03ae11f7d342,
Oromiya,Arsi,37,HETOSA-WEREDA,8,39,5,uuid:ee5cb35a-9dad-41c5-b7d1-7a213a78f2ee,4,23,5,26,5,26,10,52,quarterly,"Health facilites (hospital, hc, hps)",Integrated with NTD,4,1,1,1,1,,,,,,,,,,,Yes,Yes,Yes,Yes partially,No,Not developed,No,Yes,No,Yes,No,<= 1 week,,No,No,Low supports from local organization and community,Yes,No,No,No,No,No,No,No,No,No,Yes,No,Yes,Yes,Yes,No,Yes,Yes,No,No,Yes,Yes,Yes,Yes,No,No,Yes,Yes,No,uuid:ee5cb35a-9dad-41c5-b7d1-7a213a78f2ee,
SNNP,Kembata Timbaro,156,Kedida Gamela,7,38,3,uuid:ef0cc0dc-93ca-4377-9ef0-ed95f86915f2,,,0,0,0,0,0,0,,,,,,,,,,,,,,,,,,,,,,No,,,,,,,,,,Yes,,,,,,,,,,,,,Yes,No,Yes,No,No,No,No,Yes,No,No,No,No,No,Yes,No,No,No,No,No,uuid:ef0cc0dc-93ca-4377-9ef0-ed95f86915f2,
Oromiya,East Hararge,73,CHINAKSEN-WEREDA,10,43,5,uuid:f06baeae-b3a5-4f99-a5de-750077969ca3,8,52,4,0,4,0,8,0,quarterly,Schools,Integrated with NTD,1,1,2,1,1,,,,,,,,,,,Yes,Yes,Yes,No,Yes,2nd largest value out of 5 year data,No,No,No,Yes,Yes,≤ 2 weeks but > 1week,Annually,Yes,Yes,Low commitment of leadership,Yes,No,No,No,No,No,No,No,No,Yes,Yes,No,Yes,No,No,No,No,No,Yes,Yes,No,No,No,No,No,No,No,No,No,uuid:f06baeae-b3a5-4f99-a5de-750077969ca3,
SNNP,Gedeo,193,Bule,6,38,5,uuid:f5dff292-8ba6-41e1-a2a3-118f13d6ca90,4,29,0,0,0,0,0,0,Never,No collaboration,Under PHEM,0,0,0,1,1,,,,,,,,,,,No,No,No,No,No,Not developed,No,No,No,No,,,,Yes,No,Low supports from local organization and community,,,,,,,,,,,Yes,No,No,No,No,No,No,Yes,No,No,Yes,No,No,Yes,No,No,Yes,No,No,uuid:f5dff292-8ba6-41e1-a2a3-118f13d6ca90,
Oromiya,West Hararge,64,HAWI GUDINA,8,40,5,uuid:f6a87276-34f4-4026-a4c5-f53a83303fc8,5,32,342,372,342,372,684,744,weekly,"Other sectors (like: agriculture, water, etc)",Integrated with NTD,4,1,1,1,1,0,0,0,0,2,0,4,0,0,0,No,Yes,Yes,No,Yes,2nd largest value out of 5 year data,No,No,Yes,Yes,Yes,Other,,Yes,Yes,Low supports from local organization and community,,,,,,,,,,,Yes,No,Yes,No,No,No,No,Yes,No,No,Yes,No,Yes,No,No,Yes,Yes,Yes,No,uuid:f6a87276-34f4-4026-a4c5-f53a83303fc8,
Tigray,Eastern Tigray,111,Adi Girat Town,14,39,5,uuid:f6b5ae14-b1fc-413e-9312-3677e2ef056e,3,0,252,247,252,247,504,494,quarterly,Others,Under PHEM,10,0,0,1,1,0,0,0,0,0,0,1,0,0,0,Yes,No,No,No,Yes,Dubling method,Yes,Yes,No,Yes,Yes,≤ 3 weeks but > 2weeks,,Yes,No,Lack of funding,,,,,,,,,,,,,No,No,No,No,No,No,No,No,No,No,No,No,No,No,No,No,,uuid:f6b5ae14-b1fc-413e-9312-3677e2ef056e,
Oromiya,Arsi,43,ROBE-WEREDA,8,40,4,uuid:f9d0b137-f1d4-4a08-be31-94a673e760ce,5,28,562,309,562,309,1124,618,Never,No collaboration,Integrated with NTD,2,1,1,1,1,,,,,,,,,,,Yes,No,Yes,No,No,Not developed,No,Yes,No,No,,,,No,No,Lack of funding,,,,,,,,,,,,,No,No,No,No,No,No,No,No,No,No,No,No,No,No,No,No,,uuid:f9d0b137-f1d4-4a08-be31-94a673e760ce,
Tigray,Central Tigray,95,Akisum Town,14,39,5,uuid:f9d8b32f-07a6-4beb-94a4-917d7cf49dcd,2,0,350,371,350,371,700,742,weekly,"Other sectors (like: agriculture, water, etc)",Separate case team,12,1,0,1,1,1,0,0,0,1,0,0,0,0,0,Yes,No,Yes,No,Yes,Dubling method,No,No,No,Yes,Yes,≤ 2 weeks but > 1week,Monthly,Yes,No,Low supports from local organization and community,,,,,,,,,,,,,No,No,No,No,No,No,No,No,No,No,No,No,No,No,No,No,,uuid:f9d8b32f-07a6-4beb-94a4-917d7cf49dcd,
Tigray,South Tigray,120,Rya Azebo,13,40,5,uuid:f9e0121d-7cbb-41d6-aacb-789944838bba,7,19,2756,4262,2756,4262,5512,8524,weekly,Schools,Focal person,14,1,1,1,1,,,,,,,,,,,Yes,Yes,Yes,No,Yes,Dubling method,Yes,Yes,No,Yes,Yes,≤ 3 weeks but > 2weeks,Monthly,Yes,Yes,Others,,,,,,,,,,,,,No,No,No,No,No,No,No,No,No,No,No,No,No,No,No,No,,uuid:f9e0121d-7cbb-41d6-aacb-789944838bba,
Oromiya,West Hararge,59,DOBA WEREDA,9,41,5,uuid:fa192ca8-56bb-4d43-a6d7-706ab109ff54,6,41,116,24,116,24,232,48,weekly,Local NGOs,Focal person,4,1,1,1,1,3,1,1,1,1,1,0,0,0,0,Yes,Yes,Yes,No,No,Not developed,Yes,Yes,No,Yes,No,Other,Monthly,Yes,Yes,Others,Yes,No,No,No,No,No,No,No,No,No,,,No,No,No,No,No,No,No,No,No,No,No,No,No,No,No,No,,uuid:fa192ca8-56bb-4d43-a6d7-706ab109ff54,
Oromiya,West Hararge,66,MIESO-WEREDA,9,41,5,uuid:fa3c5f2e-f1cd-471a-b293-926bf099616a,3,29,232,263,232,263,464,526,Never,"Other sectors (like: agriculture, water, etc)",Integrated with NTD,4,1,2,1,1,,,,,,,,,,,No,Yes,Yes,No,Yes,2nd largest value out of 5 year data,Yes,Yes,No,Yes,Yes,<= 1 week,Monthly,Yes,No,Few collaborating partners on malaria BCC,No,No,No,No,No,No,No,No,No,No,,,No,No,No,No,No,No,No,No,No,No,No,No,No,No,No,No,,uuid:fa3c5f2e-f1cd-471a-b293-926bf099616a,
SNNP,Gurage,141,Endegagne,8,38,5,uuid:fbe44d20-77bc-4f26-b108-2c16eb4e5b8e,2,18,1,16,1,16,2,32,monthly,No collaboration,Under PHEM,2,1,0,1,0,,,,,,,,,,,No,No,No,Yes totally,No,Not developed,Yes,Yes,No,No,,,,Yes,No,Lack of funding,,,,,,,,,,,,,No,No,No,No,No,No,No,No,No,No,No,No,No,No,No,No,,uuid:fbe44d20-77bc-4f26-b108-2c16eb4e5b8e,
Oromiya,East Hararge,86,KOMBOLCHA-WEREDA,9,42,3,uuid:fbff4d90-ddd3-4dea-88ab-35cec664ed61,5,19,58,22,58,22,116,44,monthly,"Other sectors (like: agriculture, water, etc)",Integrated with NTD,1,1,1,1,1,,,,,,,,,,,Yes,Yes,Yes,No,Yes,2nd largest value out of 5 year data,No,No,No,Yes,Yes,<= 1 week,Monthly,Yes,No,Low commitment of leadership,Yes,No,No,No,No,No,No,No,No,No,Yes,No,No,No,No,No,No,No,No,No,Yes,No,No,No,Yes,Yes,Yes,Yes,No,uuid:fbff4d90-ddd3-4dea-88ab-35cec664ed61,
Oromiya,East Hararge,92,MIDEGA TOLA-WEREDA,9,42,4,uuid:fcad02e4-7907-44e1-941c-6cbaffcca46b,4,19,144,67,144,67,288,134,monthly,"Other sectors (like: agriculture, water, etc)",Focal person,5,1,2,1,1,,,,,,,,,,,Yes,Yes,Yes,No,Yes,2nd largest value out of 5 year data,No,No,No,Yes,Yes,≤ 4 weeks but > 3weeks,Monthly,Yes,No,Low commitment of leadership,,,,,,,,,,,Yes,No,No,No,No,No,No,Yes,No,No,Yes,No,No,Yes,Yes,Yes,Yes,Yes,No,uuid:fcad02e4-7907-44e1-941c-6cbaffcca46b,
SNNP,Sidama,173,Arbegona,7,39,20,uuid:fdd81555-a7f6-477f-bcec-0e8bf91798eb,5,38,3,2,3,2,6,4,monthly,No collaboration,Integrated with NTD,1,0,1,1,1,,,,,,,,,,,No,No,No,No,No,Not developed,Yes,Yes,No,No,,,,Yes,No,Lack of funding,Yes,No,No,No,No,No,No,No,No,No,Yes,No,No,No,No,No,No,Yes,No,No,No,No,Yes,No,No,No,No,Yes,No,uuid:fdd81555-a7f6-477f-bcec-0e8bf91798eb,
